lon,lat,nearest_grid_lon,nearest_grid_lat,grid_cell_index,SURF_ppb_O3,nearest_SURF_ppb_O3
13.1945,46.935,13.1499999999999,46.92500000000127,"(289, 282)",42.74498748779297,42.6857
13.9145,46.6954,13.949999999999898,46.67500000000125,"(284, 290)",35.83564758300781,35.785275
14.4574,46.8666,14.449999999999894,46.875000000001265,"(288, 295)",37.61384582519531,37.578777
16.0625,48.3294,16.04999999999989,48.32500000000139,"(317, 311)",31.038497924804688,31.07514
16.3315,48.1247,16.349999999999888,48.12500000000137,"(313, 314)",28.65478515625,28.67165
16.3139,48.3025,16.349999999999888,48.32500000000139,"(317, 314)",31.334325790405277,31.359426
19.4492,41.3199,19.449999999999882,41.32500000000079,"(177, 345)",32.382869720458984,32.38565
19.5234,42.3139,19.549999999999883,42.32500000000088,"(197, 346)",39.93071746826172,39.94584
15.935,48.2764,15.949999999999891,48.275000000001384,"(316, 310)",31.24232292175293,31.28925
15.62,48.2014,15.64999999999989,48.22500000000138,"(315, 307)",30.43486976623535,30.491396
14.5195,48.1923,14.549999999999896,48.175000000001376,"(314, 296)",28.472307205200195,28.559095
16.255,47.8142,16.249999999999893,47.825000000001346,"(307, 313)",31.49382209777832,31.508455
16.4311,48.0857,16.44999999999989,48.07500000000137,"(312, 315)",29.95000457763672,29.976727
14.3983,46.6101,14.349999999999897,46.62500000000124,"(283, 294)",25.451356887817383,25.410345
16.7294,48.3347,16.749999999999886,48.32500000000139,"(317, 318)",31.00268173217773,31.02956
13.7015,46.5542,13.749999999999899,46.57500000000124,"(282, 288)",33.805301666259766,33.76124
15.86,47.6703,15.849999999999893,47.67500000000133,"(304, 309)",39.16815948486328,39.166843
19.4862,40.4031,19.449999999999882,40.425000000000715,"(159, 345)",39.76676177978515,39.774162
16.2057,47.9592,16.249999999999893,47.97500000000136,"(310, 313)",31.09333610534668,31.119339
16.6753,48.05,16.649999999999892,48.02500000000136,"(311, 317)",30.629348754882812,30.956852
15.6192,48.4086,15.64999999999989,48.4250000000014,"(319, 307)",31.77485084533691,31.799633
15.9189,48.1051,15.949999999999891,48.12500000000137,"(313, 310)",35.71981430053711,35.774677
16.5262,47.8401,16.54999999999989,47.825000000001346,"(307, 316)",30.69853401184082,30.719612
13.0392,48.2575,13.049999999999903,48.275000000001384,"(316, 281)",29.618858337402344,30.428862
1.5391,42.5097,1.549999999999942,42.525000000000894,"(201, 166)",46.039493560791016,46.250374
16.5788,48.5783,16.54999999999989,48.57500000000141,"(322, 316)",32.64174270629883,32.679592
16.3022,48.0861,16.349999999999888,48.07500000000137,"(312, 314)",30.169273376464844,30.196648
13.6322,47.7161,13.649999999999897,47.72500000000134,"(305, 287)",35.275638580322266,35.281006
15.7469,48.3533,15.749999999999892,48.37500000000139,"(318, 308)",32.00022506713867,32.04167
16.1434,48.1955,16.149999999999892,48.175000000001376,"(314, 312)",32.626434326171875,32.667976
16.522,48.3929,16.54999999999989,48.37500000000139,"(318, 316)",31.99142074584961,32.023853
13.4939,46.8014,13.449999999999902,46.82500000000126,"(287, 285)",35.89904022216797,35.851036
20.7802,40.6259,20.749999999999872,40.62500000000073,"(163, 358)",33.58727264404297,33.608555
16.4759,48.1456,16.44999999999989,48.12500000000137,"(313, 315)",27.62324905395508,27.639553
14.3665,48.2798,14.349999999999897,48.275000000001384,"(316, 294)",27.62655258178711,27.69471
14.2975,48.3061,14.249999999999899,48.32500000000139,"(317, 293)",31.477251052856445,31.609453
14.8435,46.835,14.849999999999893,46.82500000000126,"(287, 299)",31.81946563720703,31.782015
15.4984,48.7242,15.449999999999894,48.72500000000142,"(325, 305)",34.73122024536133,34.766987
14.2895,48.2911,14.249999999999899,48.275000000001384,"(316, 293)",28.35480117797852,28.462658
15.5455,48.3704,15.549999999999892,48.37500000000139,"(318, 306)",34.31929016113281,34.34948
15.0467,48.8786,15.049999999999896,48.875000000001435,"(328, 301)",34.4897346496582,34.534668
15.3209,47.8614,15.349999999999893,47.87500000000135,"(308, 304)",38.5871696472168,38.612026
14.5747,48.5311,14.549999999999896,48.525000000001405,"(321, 296)",35.76096725463867,35.831814
15.205,48.2128,15.249999999999892,48.22500000000138,"(315, 303)",32.7354621887207,32.816944
14.8788,48.1199,14.849999999999893,48.12500000000137,"(313, 299)",29.292469024658203,29.37826
15.9071,48.3451,15.949999999999891,48.32500000000139,"(317, 310)",30.61507797241211,30.657011
16.9579,48.1442,16.94999999999989,48.12500000000137,"(313, 320)",30.766544342041016,30.787666
17.0703,48.1092,17.04999999999989,48.12500000000137,"(313, 321)",28.982376098632812,28.995337
14.7723,48.0451,14.749999999999895,48.02500000000136,"(311, 298)",32.485530853271484,32.555325
20.0817,41.111,20.049999999999876,41.125000000000774,"(173, 351)",30.869600296020508,30.889254
16.6363,48.2307,16.649999999999892,48.22500000000138,"(315, 317)",30.46626663208008,30.495005
14.3658,46.7711,14.349999999999897,46.775000000001256,"(286, 294)",31.80018615722656,31.767801
14.2991,46.6266,14.249999999999899,46.62500000000124,"(283, 293)",28.239261627197266,28.199148
16.2931,47.6083,16.249999999999893,47.62500000000133,"(303, 313)",35.57563018798828,35.58549
14.2376,48.2253,14.249999999999899,48.22500000000138,"(315, 293)",24.635744094848636,24.699862
13.7207,47.8159,13.749999999999899,47.825000000001346,"(307, 288)",37.39297103881836,37.403538
14.4369,48.2094,14.449999999999894,48.22500000000138,"(315, 295)",26.573694229125977,26.63824
14.53,46.8428,14.549999999999896,46.82500000000126,"(287, 296)",37.441184997558594,37.403866
14.8917,46.7083,14.849999999999893,46.72500000000125,"(285, 299)",32.00595474243164,31.973475
14.0366,48.1649,14.049999999999896,48.175000000001376,"(314, 291)",26.54884529113769,26.63904
14.8651,48.1793,14.849999999999893,48.175000000001376,"(314, 299)",32.01906204223633,32.11606
14.4428,48.0494,14.449999999999894,48.02500000000136,"(311, 295)",32.40442657470703,32.464092
13.6676,48.0009,13.649999999999897,48.02500000000136,"(311, 287)",30.427234649658203,30.512875
13.0533,47.7974,13.049999999999903,47.77500000000134,"(306, 281)",29.221858978271484,29.561365
13.0433,47.8056,13.049999999999903,47.825000000001346,"(307, 281)",25.485191345214844,25.68294
13.6008,47.9719,13.649999999999897,47.97500000000136,"(310, 287)",29.465940475463867,29.530996
13.1,47.6826,13.1499999999999,47.67500000000133,"(304, 282)",35.830039978027344,33.574574
13.2056,47.3514,13.249999999999899,47.37500000000131,"(298, 283)",34.5965461730957,34.550163
13.5051,47.1541,13.5499999999999,47.17500000000129,"(294, 286)",41.938419342041016,41.89053
12.7951,47.3266,12.749999999999902,47.3250000000013,"(297, 278)",36.52231979370117,36.422134
15.1528,47.0447,15.149999999999894,47.02500000000128,"(291, 302)",33.48463439941406,33.456974
13.2328,47.6503,13.249999999999899,47.67500000000133,"(304, 283)",35.27781677246094,35.322956
13.0158,47.9367,13.049999999999903,47.925000000001354,"(309, 281)",30.156137466430664,30.3362
13.808,47.1257,13.8499999999999,47.125000000001286,"(293, 289)",37.49516677856445,37.46172
15.0867,47.0633,15.049999999999896,47.07500000000128,"(292, 301)",35.17618942260742,35.150345
15.4375,47.0758,15.449999999999894,47.07500000000128,"(292, 305)",28.984832763671875,28.95552
14.6767,47.1781,14.649999999999897,47.17500000000129,"(294, 297)",34.617271423339844,34.596775
14.8253,47.2104,14.849999999999893,47.225000000001295,"(295, 299)",33.56114959716797,33.54555
15.3511,47.1203,15.349999999999893,47.125000000001286,"(293, 304)",29.84894561767578,29.823532
15.0741,47.3753,15.049999999999896,47.37500000000131,"(298, 301)",32.688255310058594,32.675285
15.4958,46.8714,15.449999999999894,46.875000000001265,"(288, 305)",27.540496826171875,27.529333
15.1037,47.3591,15.149999999999894,47.37500000000131,"(298, 302)",33.01615905761719,33.00635
15.8822,47.3481,15.849999999999893,47.3250000000013,"(297, 309)",36.44122695922851,36.43778
14.7533,47.1925,14.749999999999895,47.17500000000129,"(294, 298)",33.31377410888672,33.296368
13.7967,47.6306,13.749999999999899,47.62500000000133,"(303, 288)",36.51276016235352,36.517372
15.4331,47.0417,15.449999999999894,47.02500000000128,"(291, 305)",25.543502807617188,25.510122
15.2903,47.4458,15.249999999999892,47.42500000000131,"(299, 303)",32.51101303100586,32.503036
15.3608,47.4056,15.349999999999893,47.42500000000131,"(299, 304)",33.163902282714844,33.16267
15.9719,47.2829,15.949999999999891,47.2750000000013,"(296, 310)",32.81175231933594,32.80849
14.2447,47.5654,14.249999999999899,47.575000000001324,"(302, 293)",34.36128616333008,34.348663
15.6283,47.2172,15.64999999999989,47.225000000001295,"(295, 307)",35.17427062988281,35.17074
15.3458,47.2064,15.349999999999893,47.225000000001295,"(295, 304)",32.93240737915039,32.91915
15.6731,47.6047,15.64999999999989,47.62500000000133,"(303, 307)",39.58589553833008,39.5877
15.5406,46.7783,15.549999999999892,46.775000000001256,"(286, 306)",28.47091484069824,28.457663
15.9563,46.7672,15.949999999999891,46.775000000001256,"(286, 310)",30.885805130004883,30.880339
14.3307,47.0403,14.349999999999897,47.02500000000128,"(291, 294)",33.60063934326172,33.572937
13.6394,47.3603,13.649999999999897,47.37500000000131,"(298, 287)",40.82369613647461,40.789375
11.3924,47.2626,11.349999999999907,47.2750000000013,"(296, 264)",29.568443298339844,29.457375
11.4169,47.2713,11.449999999999909,47.2750000000013,"(296, 265)",29.14170837402344,29.020212
11.376,47.3056,11.349999999999907,47.3250000000013,"(297, 264)",39.32185745239258,39.17129
15.2128,46.8139,15.249999999999892,46.82500000000126,"(287, 303)",33.87601852416992,33.847973
11.3907,47.2396,11.349999999999907,47.225000000001295,"(295, 264)",32.748268127441406,32.649704
16.079,47.0474,16.04999999999989,47.02500000000128,"(291, 311)",29.953224182128903,29.95261
15.3678,46.6519,15.349999999999893,46.67500000000125,"(284, 304)",31.36210060119629,31.340227
11.8718,47.4286,11.849999999999907,47.42500000000131,"(299, 269)",28.64262580871582,28.49467
12.0666,47.4886,12.049999999999903,47.475000000001316,"(300, 271)",32.24759292602539,32.099213
11.5125,47.2781,11.549999999999907,47.2750000000013,"(296, 266)",32.40409469604492,32.27301
11.958,47.4689,11.949999999999905,47.475000000001316,"(300, 270)",30.70045661926269,30.557995
10.7357,47.2169,10.74999999999991,47.225000000001295,"(295, 258)",35.19919967651367,35.12886
10.6823,47.4698,10.649999999999912,47.475000000001316,"(300, 257)",39.13037109375,39.06985
10.7441,47.4476,10.74999999999991,47.42500000000131,"(299, 258)",36.983158111572266,36.896347
11.6945,47.35,11.649999999999904,47.3250000000013,"(297, 267)",39.53200149536133,30.453505
9.9267,47.5292,9.949999999999912,47.52500000000132,"(301, 250)",35.8165168762207,35.904617
12.766,46.8191,12.749999999999902,46.82500000000126,"(287, 278)",35.57317352294922,35.51599
9.7432,47.4095,9.749999999999913,47.42500000000131,"(299, 248)",31.37563133239746,31.391365
9.5975,47.2392,9.549999999999914,47.225000000001295,"(295, 246)",28.11064338684082,28.137743
9.6505,47.4325,9.649999999999912,47.42500000000131,"(299, 247)",26.663108825683597,26.725235
12.1724,47.5818,12.149999999999904,47.575000000001324,"(302, 272)",29.228803634643555,29.127745
16.3498,48.2191,16.349999999999888,48.22500000000138,"(315, 314)",27.376218795776367,27.379633
16.3614,48.1744,16.349999999999888,48.175000000001376,"(314, 314)",26.720508575439453,26.722334
9.6406,47.4597,9.649999999999912,47.475000000001316,"(300, 247)",23.83203125,23.95258
16.4346,48.2031,16.44999999999989,48.22500000000138,"(315, 315)",29.167943954467773,29.179005
10.0343,47.1289,10.04999999999991,47.125000000001286,"(293, 251)",42.16992568969727,42.18284
16.397,48.2611,16.349999999999888,48.275000000001384,"(316, 314)",30.226491928100582,30.249605
16.2972,48.2702,16.249999999999893,48.275000000001384,"(316, 313)",32.54282760620117,32.579292
9.8229,47.1565,9.849999999999914,47.17500000000129,"(294, 249)",36.36764144897461,36.387104
16.5256,48.1621,16.54999999999989,48.175000000001376,"(314, 316)",30.545433044433597,30.56878
16.4761,48.1567,16.44999999999989,48.175000000001376,"(314, 315)",28.277996063232425,28.2856
13.6709,48.3916,13.649999999999897,48.37500000000139,"(318, 287)",31.411489486694336,31.641495
16.7664,47.7703,16.749999999999886,47.77500000000134,"(306, 318)",33.3670768737793,33.382973
12.9583,47.0542,12.949999999999902,47.07500000000128,"(292, 280)",46.66957092285156,46.589855
15.936,48.7212,15.949999999999891,48.72500000000142,"(325, 310)",32.41445541381836,32.454674
14.4409,47.8383,14.449999999999894,47.825000000001346,"(307, 295)",35.692604064941406,35.716637
12.9746,46.6777,12.949999999999902,46.67500000000125,"(284, 280)",34.88318634033203,34.828907
4.3478,50.8521,4.349999999999932,50.875000000001606,"(368, 194)",22.393115997314453,22.400337
4.3338,50.8497,4.349999999999932,50.8250000000016,"(367, 194)",24.203685760498047,24.20055
4.2887,50.8578,4.249999999999934,50.875000000001606,"(368, 193)",26.23822784423828,26.209589
4.4257,50.8566,4.44999999999993,50.875000000001606,"(368, 195)",23.291683197021484,23.31413
4.3585,50.7966,4.349999999999932,50.7750000000016,"(366, 194)",27.936166763305664,27.937843
4.3218,51.3407,4.349999999999932,51.325000000001644,"(377, 194)",18.65900993347168,18.721064
4.3852,51.2362,4.349999999999932,51.225000000001636,"(375, 194)",22.77416610717773,22.772293
2.6585,51.1209,2.64999999999994,51.12500000000163,"(373, 177)",33.802947998046875,33.599056
5.5268,50.9405,5.549999999999928,50.92500000000161,"(369, 206)",28.737966537475582,29.013657
4.8028,51.3321,4.849999999999929,51.325000000001644,"(377, 199)",27.26236915588379,27.36311
5.0216,51.1204,5.049999999999931,51.12500000000163,"(373, 201)",27.79648971557617,27.95421
4.341,51.1703,4.349999999999932,51.17500000000163,"(374, 194)",24.19056510925293,24.203548
5.2581,51.2151,5.249999999999927,51.225000000001636,"(375, 203)",28.844282150268555,29.037643
5.4706,50.9279,5.44999999999993,50.92500000000161,"(369, 205)",28.46929168701172,28.712444
3.7293,51.0583,3.7499999999999343,51.07500000000162,"(372, 188)",26.88484764099121,26.813194
4.4318,51.2097,4.44999999999993,51.225000000001636,"(375, 195)",22.44298934936523,22.48419
3.2341,51.2135,3.2499999999999343,51.225000000001636,"(375, 183)",28.97031784057617,28.867828
3.8084,51.2031,3.8499999999999357,51.225000000001636,"(375, 189)",25.341859817504883,25.298166
4.4914,51.2521,4.44999999999993,51.27500000000164,"(376, 195)",23.24813461303711,23.316654
5.0533,51.2309,5.049999999999931,51.225000000001636,"(375, 201)",27.57519149780273,27.724087
3.1212,50.9532,3.1499999999999364,50.975000000001614,"(370, 182)",27.76342010498047,27.576843
4.2015,51.254,4.249999999999934,51.27500000000164,"(376, 193)",16.255088806152344,16.214197
3.3762,50.915,3.3499999999999357,50.92500000000161,"(369, 184)",28.42248916625977,28.232502
5.2215,51.1928,5.249999999999927,51.17500000000163,"(374, 203)",28.4294548034668,28.632658
4.4039,51.3139,4.44999999999993,51.325000000001644,"(377, 195)",24.432079315185547,24.506153
3.7159,51.0265,3.7499999999999343,51.02500000000162,"(371, 188)",27.835691452026367,27.756063
3.8229,51.1961,3.8499999999999357,51.17500000000163,"(374, 189)",25.78079414367676,25.73112
2.5823,51.0163,2.5499999999999385,51.02500000000162,"(371, 176)",29.017189025878903,28.294386
3.1096,50.7935,3.1499999999999364,50.7750000000016,"(366, 182)",27.45639419555664,26.453545
3.3625,51.2546,3.3499999999999357,51.27500000000164,"(376, 184)",28.575176239013672,28.483305
4.2526,50.7953,4.249999999999934,50.7750000000016,"(366, 193)",27.050506591796875,27.028143
4.5122,50.913,4.549999999999931,50.92500000000161,"(369, 196)",26.605567932128903,26.660595
3.1524,50.9454,3.1499999999999364,50.92500000000161,"(369, 182)",28.09073638916016,27.864677
5.5377,50.968,5.549999999999928,50.975000000001614,"(370, 206)",28.74986267089844,29.030533
5.1297,51.0822,5.149999999999929,51.07500000000162,"(372, 202)",27.363475799560547,27.54201
3.6873,51.1903,3.649999999999933,51.17500000000163,"(374, 187)",27.681018829345703,27.5906
4.4367,50.9414,4.44999999999993,50.92500000000161,"(369, 195)",21.068140029907227,21.101208
3.7621,51.166,3.7499999999999343,51.17500000000163,"(374, 188)",22.70488929748535,22.643635
3.6828,51.067,3.649999999999933,51.07500000000162,"(372, 187)",27.46869659423828,27.376118
5.3684,50.9397,5.349999999999929,50.92500000000161,"(369, 204)",27.41197395324707,27.617521
5.164,51.2337,5.149999999999929,51.225000000001636,"(375, 202)",28.58592987060547,28.761524
5.6067,51.1337,5.649999999999926,51.12500000000163,"(373, 207)",28.37647819519043,28.679533
5.0939,51.0634,5.049999999999931,51.07500000000162,"(372, 201)",27.964256286621097,28.123085
4.3959,50.9261,4.349999999999932,50.92500000000161,"(369, 194)",26.019588470458984,26.028606
4.4354,50.9549,4.44999999999993,50.975000000001614,"(370, 195)",25.09091186523437,25.136227
3.2486,51.279,3.2499999999999343,51.27500000000164,"(376, 183)",28.652910232543945,28.559523
5.1032,50.7117,5.149999999999929,50.72500000000159,"(365, 202)",28.122987747192383,28.28118
4.8376,50.9775,4.849999999999929,50.975000000001614,"(370, 199)",26.58729362487793,26.694706
3.9303,50.7989,3.9499999999999336,50.7750000000016,"(366, 190)",28.21112060546875,28.13189
5.4182,50.8969,5.44999999999993,50.875000000001606,"(368, 205)",27.95745849609375,28.190655
3.3225,50.8149,3.3499999999999357,50.8250000000016,"(367, 184)",28.68148231506348,28.41019
4.418,51.1771,4.44999999999993,51.17500000000163,"(374, 195)",25.3555965423584,25.399364
3.175,51.2459,3.1499999999999364,51.225000000001636,"(375, 182)",28.43739318847656,28.328808
5.5475,50.625,5.549999999999928,50.625000000001585,"(363, 206)",27.09764289855957,27.336697
3.939,50.4651,3.9499999999999336,50.47500000000157,"(360, 190)",26.47268867492676,26.34204
3.4576,50.6167,3.449999999999937,50.625000000001585,"(363, 185)",26.0613956451416,25.774622
4.6683,50.6554,4.649999999999933,50.67500000000159,"(364, 197)",28.277816772460938,28.344072
5.6189,50.8823,5.649999999999926,50.875000000001606,"(368, 207)",27.695417404174805,27.98964
4.3858,51.2814,4.349999999999932,51.27500000000164,"(376, 194)",12.636804580688477,12.647201
4.5948,50.0957,4.549999999999931,50.07500000000154,"(352, 196)",32.53043746948242,32.571438
5.6278,50.6584,5.649999999999926,50.67500000000159,"(364, 207)",27.92460823059082,28.218847
6.0017,50.3032,6.049999999999924,50.32500000000156,"(357, 211)",33.58194732666016,33.924255
5.2024,49.8771,5.249999999999927,49.87500000000152,"(348, 203)",33.72061920166016,33.8927
6.0738,50.5111,6.049999999999924,50.525000000001576,"(361, 211)",33.78384780883789,34.184357
5.6112,50.6119,5.649999999999926,50.625000000001585,"(363, 207)",29.110315322875977,29.404882
4.4693,51.0025,4.44999999999993,51.02500000000162,"(371, 195)",25.44277572631836,25.48875
3.7395,51.1247,3.7499999999999343,51.12500000000163,"(373, 188)",25.756000518798828,25.684513
4.2626,51.3182,4.249999999999934,51.325000000001644,"(377, 193)",17.042373657226562,17.030384
4.3801,51.092,4.349999999999932,51.07500000000162,"(372, 194)",26.61101531982422,26.629356
5.042,50.4972,5.049999999999931,50.47500000000157,"(360, 201)",30.9304313659668,31.079971
5.6304,49.7193,5.649999999999926,49.72500000000151,"(345, 207)",33.20686340332031,33.410347
11.2875,43.7867,11.249999999999906,43.775000000001,"(226, 263)",28.064525604248047,28.163498
17.0103,39.1875,17.04999999999989,39.17500000000061,"(134, 321)",35.06746292114258,35.080757
3.7752,50.6351,3.7499999999999343,50.625000000001585,"(363, 188)",28.502391815185547,28.335012
4.4522,50.4093,4.44999999999993,50.42500000000157,"(359, 195)",29.5751953125,29.60917
5.3975,50.5836,5.349999999999929,50.57500000000158,"(362, 204)",28.761518478393555,28.956524
13.3933,45.9733,13.3499999999999,45.97500000000119,"(270, 284)",30.965673446655277,30.941261
14.1483,42.5175,14.149999999999897,42.525000000000894,"(201, 292)",34.37274169921875,34.364548
5.2352,50.2745,5.249999999999927,50.275000000001555,"(356, 203)",31.791912078857425,31.984879
11.8889,43.4611,11.849999999999907,43.475000000000975,"(220, 269)",33.98110580444336,34.062504
10.9047,44.636,10.949999999999909,44.62500000000107,"(243, 260)",26.809267044067383,26.827564
16.2861,41.3167,16.249999999999893,41.32500000000079,"(177, 313)",34.27324295043945,34.28385
17.5875,40.5275,17.549999999999883,40.52500000000072,"(161, 326)",35.959083557128906,35.964764
11.355,44.4833,11.349999999999907,44.47500000000106,"(240, 264)",29.22758674621582,29.26343
11.6131,44.8425,11.649999999999904,44.82500000000109,"(247, 267)",25.89471435546875,25.88775
15.2853,37.0678,15.249999999999892,37.07500000000043,"(92, 303)",35.14313507080078,35.182255
16.0802,38.6646,16.04999999999989,38.675000000000566,"(124, 311)",36.77056121826172,36.822063
15.4408,41.5467,15.449999999999894,41.52500000000081,"(181, 305)",32.818023681640625,32.832493
12.9259,45.8569,12.949999999999902,45.87500000000118,"(268, 280)",28.50269889831543,28.471182
12.5469,38.0124,12.549999999999903,38.02500000000051,"(111, 276)",40.64476013183594,40.764217
13.1186,38.0502,13.1499999999999,38.075000000000514,"(112, 282)",37.55101776123047,37.63246
13.5431,45.843,13.5499999999999,45.825000000001175,"(267, 286)",33.726741790771484,33.706566
4.8724,50.4632,4.849999999999929,50.47500000000157,"(360, 199)",30.10820579528809,30.22371
15.0811,37.5293,15.049999999999896,37.52500000000047,"(101, 301)",33.37727737426758,33.409046
15.6388,38.105,15.64999999999989,38.12500000000052,"(113, 307)",38.2936897277832,38.34886
15.2491,38.1906,15.249999999999892,38.17500000000052,"(114, 303)",39.11376190185547,39.177624
11.7203,44.3556,11.749999999999906,44.37500000000105,"(238, 268)",30.185253143310547,30.227186
14.2815,37.5641,14.249999999999899,37.57500000000047,"(102, 293)",36.31922149658203,36.36331
11.8706,44.2833,11.849999999999907,44.27500000000104,"(236, 269)",31.82015609741211,31.873077
13.3019,45.8419,13.3499999999999,45.825000000001175,"(267, 284)",29.5024528503418,29.476269
10.6647,44.6908,10.649999999999912,44.67500000000108,"(244, 257)",29.272171020507812,29.301643
14.7145,36.9263,14.749999999999895,36.925000000000416,"(89, 298)",38.65259552001953,38.704807
15.3867,41.6308,15.349999999999893,41.62500000000082,"(183, 304)",33.27002716064453,33.283752
12.0564,44.215,12.049999999999903,44.22500000000104,"(235, 271)",30.6562557220459,30.701748
12.6559,45.9626,12.649999999999904,45.97500000000119,"(270, 277)",30.10283851623535,30.052477
14.345,37.0225,14.349999999999897,37.025000000000425,"(91, 294)",33.93205642700195,33.9863
13.7506,45.6086,13.749999999999899,45.62500000000116,"(263, 288)",29.29315948486328,29.267183
13.6164,45.9369,13.649999999999897,45.925000000001184,"(269, 287)",35.39128494262695,35.373928
10.8836,44.7994,10.849999999999907,44.775000000001086,"(246, 259)",26.56479835510254,26.577597
10.5342,42.9392,10.54999999999991,42.92500000000093,"(209, 256)",39.899940490722656,40.055805
10.5739,43.8408,10.54999999999991,43.825000000001005,"(227, 256)",33.57000732421875,33.695747
13.4748,46.5101,13.449999999999902,46.525000000001235,"(281, 285)",36.68764114379883,36.644478
17.5125,40.6492,17.549999999999883,40.62500000000073,"(163, 326)",36.702110290527344,36.706245
13.2406,46.0661,13.249999999999899,46.0750000000012,"(272, 283)",30.505443572998047,30.474247
18.0472,40.4894,18.049999999999883,40.47500000000072,"(160, 331)",35.493629455566406,35.49184
13.4864,45.7316,13.449999999999902,45.72500000000117,"(265, 285)",33.71802520751953,33.696655
16.7661,41.1078,16.749999999999886,41.125000000000774,"(173, 318)",34.34575653076172,34.34889
10.6639,44.8731,10.649999999999912,44.875000000001094,"(248, 257)",28.098125457763672,28.111515
10.4017,43.7389,10.449999999999909,43.725000000000996,"(225, 255)",32.47129440307617,32.602318
11.1928,43.7569,11.149999999999908,43.775000000001,"(226, 262)",29.4552059173584,29.555212
12.2256,44.42,12.249999999999906,44.425000000001056,"(239, 273)",28.843637466430664,28.855612
14.2238,37.0757,14.249999999999899,37.07500000000043,"(92, 293)",36.7249755859375,36.78245
17.9606,40.6458,17.94999999999989,40.62500000000073,"(163, 330)",36.64067840576172,36.635757
17.4158,40.7428,17.44999999999989,40.72500000000074,"(165, 325)",37.42707443237305,37.431225
11.9814,44.5265,11.949999999999905,44.525000000001064,"(241, 270)",28.98508644104004,28.99916
9.3669,44.7347,9.349999999999914,44.72500000000108,"(245, 244)",40.491336822509766,40.606426
10.2889,44.6575,10.249999999999913,44.67500000000108,"(244, 253)",34.97828674316406,35.044224
13.0111,46.4019,13.049999999999903,46.425000000001226,"(279, 281)",35.64451599121094,35.601093
13.7722,45.6572,13.749999999999899,45.67500000000116,"(264, 288)",33.799617767333984,33.77622
11.9422,44.7417,11.949999999999905,44.72500000000108,"(245, 270)",29.183425903320316,29.180546
10.8189,44.5412,10.849999999999907,44.525000000001064,"(241, 259)",31.71074485778809,31.746223
16.0702,38.3999,16.04999999999989,38.37500000000054,"(118, 311)",36.6725959777832,36.718765
13.2714,45.822,13.249999999999899,45.825000000001175,"(267, 283)",30.462432861328125,30.432287
18.125,40.4033,18.149999999999885,40.425000000000715,"(159, 332)",35.99672317504883,35.994038
11.1779,44.9278,11.149999999999908,44.9250000000011,"(249, 262)",28.34800338745117,28.34135
9.6933,45.0489,9.649999999999912,45.02500000000111,"(251, 247)",27.759899139404297,27.788284
16.5468,39.6518,16.54999999999989,39.67500000000065,"(144, 316)",38.72029495239258,38.754528
10.0192,44.9894,10.04999999999991,44.9750000000011,"(250, 251)",27.488676071166992,27.51532
17.2842,40.9614,17.249999999999886,40.97500000000076,"(170, 323)",38.56308364868164,38.564404
16.6083,38.869,16.649999999999892,38.87500000000058,"(128, 317)",37.22942352294922,37.271088
11.0919,43.8728,11.04999999999991,43.87500000000101,"(228, 261)",31.739665985107425,31.84172
11.3239,43.7892,11.349999999999907,43.775000000001,"(226, 264)",35.10268020629883,35.203426
12.3322,44.2839,12.349999999999904,44.27500000000104,"(236, 274)",34.33653259277344,34.351818
12.2247,43.9275,12.249999999999906,43.92500000000101,"(229, 273)",37.75,37.802204
11.0942,42.6706,11.04999999999991,42.67500000000091,"(204, 261)",36.20748901367188,36.324913
13.4233,45.7994,13.449999999999902,45.77500000000117,"(266, 285)",31.662208557128903,31.64087
11.325,43.3378,11.349999999999907,43.32500000000096,"(217, 264)",33.18242263793945,33.29259
10.1328,44.0311,10.149999999999912,44.02500000000102,"(231, 252)",38.14721298217773,38.275642
10.7717,43.7131,10.74999999999991,43.725000000000996,"(225, 258)",29.97468948364257,30.088701
11.1419,43.4728,11.149999999999908,43.475000000000975,"(220, 262)",33.637229919433594,33.755985
11.1192,42.7786,11.149999999999908,42.775000000000915,"(206, 262)",33.97187805175781,34.080376
9.5017,40.9283,9.549999999999914,40.92500000000076,"(169, 246)",33.764244079589844,33.985443
9.1364,39.2606,9.149999999999915,39.27500000000062,"(136, 242)",34.92662811279297,35.128963
8.3861,39.2033,8.349999999999918,39.22500000000061,"(135, 234)",42.50632095336914,42.79756
9.1881,39.2328,9.149999999999915,39.22500000000061,"(135, 242)",32.10378646850586,32.306618
11.1053,43.8747,11.149999999999908,43.87500000000101,"(228, 262)",33.30983352661133,33.40978
9.6944,40.575,9.649999999999912,40.57500000000073,"(162, 247)",39.2694091796875,39.450207
11.0069,43.9161,11.04999999999991,43.92500000000101,"(229, 261)",35.63936996459961,35.741505
9.0153,39.4436,9.049999999999917,39.42500000000063,"(139, 241)",34.7111930847168,34.91727
12.6517,42.5522,12.649999999999904,42.5750000000009,"(202, 277)",31.789857864379883,31.844164
9.0089,39.0667,9.049999999999917,39.0750000000006,"(132, 241)",35.58854293823242,35.823082
10.8817,43.2478,10.849999999999907,43.22500000000095,"(215, 259)",38.856204986572266,38.987484
12.3661,43.1031,12.349999999999904,43.125000000000945,"(213, 274)",33.03986358642578,33.094795
12.4419,43.0889,12.449999999999902,43.07500000000094,"(212, 275)",32.344322204589844,32.391495
10.3217,43.52,10.34999999999991,43.52500000000098,"(221, 254)",34.663330078125,34.80816
10.3297,43.5547,10.34999999999991,43.57500000000098,"(222, 254)",25.930179595947266,26.065794
10.5599,44.0055,10.54999999999991,44.02500000000102,"(231, 256)",39.8388557434082,39.953613
12.5764,43.3528,12.549999999999903,43.375000000000966,"(218, 276)",38.28400421142578,38.340153
12.7078,42.9517,12.749999999999902,42.97500000000093,"(210, 278)",38.55962371826172,38.608368
10.7914,44.5394,10.74999999999991,44.525000000001064,"(241, 258)",33.769676208496094,33.81095
12.6664,42.7433,12.649999999999904,42.72500000000091,"(205, 277)",35.64058303833008,35.69532
10.4536,43.8689,10.449999999999909,43.87500000000101,"(228, 255)",35.1129035949707,35.2363
11.3686,45.7144,11.349999999999907,45.72500000000117,"(265, 264)",34.474876403808594,34.431995
16.2452,39.3134,16.249999999999893,39.32500000000062,"(137, 313)",34.42540740966797,34.46307
12.3139,45.4294,12.349999999999904,45.42500000000114,"(259, 274)",29.91375541687012,29.85933
10.6228,44.7003,10.649999999999912,44.72500000000108,"(245, 257)",26.63429069519043,26.658844
12.6186,43.3178,12.649999999999904,43.32500000000096,"(217, 277)",39.20847702026367,39.259243
8.4053,40.8314,8.449999999999916,40.82500000000075,"(167, 235)",37.6796989440918,37.95238
12.7372,42.7397,12.749999999999902,42.72500000000091,"(205, 278)",36.0661735534668,36.116455
12.2058,43.1331,12.249999999999906,43.125000000000945,"(213, 273)",34.21672821044922,34.28123
10.9053,43.9408,10.949999999999909,43.92500000000101,"(229, 260)",34.81825637817383,34.92125
8.5514,40.7103,8.549999999999917,40.72500000000074,"(165, 236)",35.162601470947266,35.429127
12.1367,42.7372,12.149999999999904,42.72500000000091,"(205, 272)",35.18293380737305,35.24962
16.2345,38.3909,16.249999999999893,38.37500000000054,"(118, 313)",40.92662048339844,40.971394
16.5792,38.9183,16.54999999999989,38.92500000000059,"(129, 316)",37.35194778442383,37.394855
12.5219,42.5342,12.549999999999903,42.525000000000894,"(201, 276)",32.658836364746094,32.71685
17.1142,39.0681,17.149999999999892,39.0750000000006,"(132, 322)",40.73429870605469,40.747345
16.2952,38.9596,16.249999999999893,38.97500000000059,"(130, 313)",37.998573303222656,38.05
16.2552,38.2298,16.249999999999893,38.22500000000053,"(115, 313)",38.30224609375,38.341507
16.3868,39.4896,16.349999999999888,39.475000000000634,"(140, 314)",39.20505905151367,39.242966
16.2176,39.711,16.249999999999893,39.725000000000655,"(145, 313)",35.97874069213867,36.01363
8.6053,39.8853,8.649999999999919,39.87500000000067,"(148, 237)",33.60669708251953,33.843327
8.7731,40.2564,8.749999999999917,40.2750000000007,"(156, 238)",38.02994155883789,38.26989
9.4917,40.9275,9.449999999999916,40.92500000000076,"(169, 245)",37.5839958190918,37.81404
10.3317,44.7936,10.34999999999991,44.775000000001086,"(246, 254)",28.777803421020508,28.817472
12.5756,44.0522,12.549999999999903,44.075000000001026,"(232, 276)",33.455650329589844,33.476627
11.0978,43.7931,11.04999999999991,43.775000000001,"(226, 261)",31.046985626220703,31.15171
10.0972,44.0783,10.04999999999991,44.075000000001026,"(232, 251)",36.617584228515625,36.740246
10.245,43.8839,10.249999999999913,43.87500000000101,"(228, 253)",34.92338562011719,35.06274
12.2622,45.4992,12.249999999999906,45.475000000001145,"(260, 273)",23.355222702026367,23.298779
9.0114,39.2864,9.049999999999917,39.27500000000062,"(136, 241)",31.86282157897949,32.06914
10.9063,44.6506,10.949999999999909,44.67500000000108,"(244, 260)",26.48261260986328,26.497026
11.9611,44.8397,11.949999999999905,44.82500000000109,"(247, 270)",28.80506134033203,28.796741
10.3708,44.9261,10.34999999999991,44.9250000000011,"(249, 254)",27.24354553222656,27.264278
13.2253,46.0351,13.249999999999899,46.02500000000119,"(271, 283)",29.547870635986328,29.51939
9.2164,39.8425,9.249999999999913,39.825000000000664,"(147, 243)",39.80823516845703,40.004112
11.9017,43.6603,11.949999999999905,43.67500000000099,"(224, 270)",40.11042404174805,40.189587
12.4025,44.0958,12.449999999999902,44.075000000001026,"(232, 275)",32.372169494628906,32.39653
11.5397,45.5606,11.549999999999907,45.575000000001154,"(262, 266)",27.01372337341309,26.964113
11.7367,45.7608,11.749999999999906,45.77500000000117,"(266, 268)",32.90707015991211,32.85985
11.2861,45.4,11.249999999999906,45.37500000000114,"(258, 263)",29.87326431274414,28.91447
12.0619,45.0467,12.049999999999903,45.02500000000111,"(251, 271)",29.057661056518555,29.039454
11.7911,45.0397,11.749999999999906,45.02500000000111,"(251, 268)",27.42379379272461,27.401896
11.7833,45.0747,11.749999999999906,45.07500000000111,"(252, 268)",26.933494567871097,26.90693
11.8419,45.3719,11.849999999999907,45.37500000000114,"(258, 269)",25.928749084472656,25.882938
11.9058,46.0308,11.949999999999905,46.02500000000119,"(271, 270)",34.346187591552734,34.30843
12.3081,45.8906,12.349999999999904,45.87500000000118,"(268, 274)",30.63533592224121,30.583584
10.9639,45.4453,10.949999999999909,45.42500000000114,"(259, 260)",27.281740188598636,27.2509
11.94,45.3775,11.949999999999905,45.37500000000114,"(258, 270)",25.84984588623047,25.803564
11.3872,45.4664,11.349999999999907,45.475000000001145,"(260, 264)",32.22997283935547,32.190193
11.9022,45.6003,11.949999999999905,45.62500000000116,"(263, 270)",25.632917404174805,25.580158
11.5533,45.1039,11.549999999999907,45.125000000001116,"(253, 266)",26.968870162963867,26.94166
11.5342,45.5458,11.549999999999907,45.52500000000115,"(261, 266)",26.90534210205078,26.85741
12.9522,43.4681,12.949999999999902,43.475000000000975,"(220, 280)",37.20401763916016,37.238415
12.6364,43.7306,12.649999999999904,43.725000000000996,"(225, 277)",36.046363830566406,36.09316
12.5103,45.8369,12.549999999999903,45.825000000001175,"(267, 276)",27.10095596313477,27.053213
12.2056,45.4383,12.249999999999906,45.42500000000114,"(259, 273)",25.960649490356445,25.905806
13.0186,43.8397,13.049999999999903,43.825000000001005,"(227, 281)",34.29429244995117,34.314304
12.2169,46.1414,12.249999999999906,46.1250000000012,"(273, 273)",34.12669372558594,34.08902
13.8794,42.9444,13.8499999999999,42.92500000000093,"(209, 289)",33.62604904174805,33.6195
12.9189,43.8933,12.949999999999902,43.87500000000101,"(228, 280)",33.81854248046875,33.840347
21.1371,42.6488,21.149999999999878,42.6250000000009,"(203, 362)",29.13019561767578,29.140116
12.2386,45.6725,12.249999999999906,45.67500000000116,"(264, 273)",26.310977935791016,26.253834
13.245,43.5269,13.249999999999899,43.52500000000098,"(221, 283)",33.531707763671875,33.55246
13.3875,43.6333,13.3499999999999,43.62500000000099,"(223, 284)",32.816043853759766,32.827404
11.6658,45.2267,11.649999999999904,45.225000000001124,"(255, 267)",27.463699340820316,27.428856
21.0047,56.5232,21.049999999999876,56.52500000000209,"(481, 361)",32.46603775024414,32.55873
13.3419,43.5989,13.3499999999999,43.57500000000098,"(222, 284)",32.25285339355469,32.266705
11.2997,44.7383,11.249999999999906,44.72500000000108,"(245, 263)",27.15080070495605,27.154375
21.1733,56.1624,21.149999999999878,56.17500000000206,"(474, 362)",33.451961517333984,33.551556
13.6194,42.8486,13.649999999999897,42.82500000000092,"(207, 287)",36.35783386230469,36.3656
11.2861,44.5,11.249999999999906,44.47500000000106,"(240, 263)",25.631418228149418,29.752016
27.3334,56.5102,27.349999999999852,56.52500000000209,"(481, 424)",30.0357666015625,30.092102
11.5692,45.8483,11.549999999999907,45.825000000001175,"(267, 266)",37.59103775024414,37.549004
12.6275,43.9328,12.649999999999904,43.92500000000101,"(229, 277)",33.75981903076172,33.78841
10.9261,44.15,10.949999999999909,44.12500000000103,"(233, 260)",40.277225494384766,41.355797
11.8906,45.4333,11.849999999999907,45.42500000000114,"(259, 269)",25.858131408691406,25.80824
12.4017,43.9081,12.449999999999902,43.92500000000101,"(229, 275)",39.29335021972656,39.331577
13.3367,42.9006,13.3499999999999,42.92500000000093,"(209, 284)",41.05538940429688,41.08272
11.6431,45.29,11.649999999999904,45.27500000000113,"(256, 267)",28.895383834838867,28.859167
12.3608,46.1625,12.349999999999904,46.175000000001205,"(274, 274)",37.07796478271485,37.038944
11.0378,45.59,11.04999999999991,45.575000000001154,"(262, 261)",40.77045822143555,40.738087
16.7817,41.0872,16.749999999999886,41.07500000000077,"(172, 318)",34.33803939819336,34.342274
12.5917,45.6303,12.549999999999903,45.62500000000116,"(263, 276)",28.254602432250977,28.207005
13.6747,43.3356,13.649999999999897,43.32500000000096,"(217, 287)",32.41741180419922,32.41988
13.4286,43.285,13.449999999999902,43.27500000000096,"(216, 285)",32.87309646606445,32.8875
11.3114,45.1836,11.349999999999907,45.17500000000112,"(254, 264)",27.556293487548828,27.52721
12.5017,45.9509,12.549999999999903,45.97500000000119,"(270, 276)",34.116737365722656,34.065224
13.5086,43.6117,13.5499999999999,43.62500000000099,"(223, 286)",36.52333068847656,36.521866
24.1565,56.9359,24.149999999999864,56.92500000000212,"(489, 392)",28.728031158447266,28.793125
21.592,57.4046,21.54999999999987,57.425000000002164,"(499, 366)",35.402217864990234,35.468693
24.1158,56.9575,24.149999999999864,56.975000000002126,"(490, 392)",28.23627281188965,28.297274
25.2852,54.6776,25.249999999999858,54.67500000000193,"(444, 403)",28.276874542236328,28.36386
25.2894,54.7153,25.249999999999858,54.725000000001934,"(445, 403)",28.70112419128418,28.79059
23.308,55.9378,23.349999999999866,55.925000000002036,"(469, 384)",30.637283325195316,30.732286
8.3247,40.5533,8.349999999999918,40.57500000000073,"(162, 234)",37.96744918823242,38.23437
25.9056,57.1349,25.94999999999986,57.12500000000214,"(493, 410)",32.01105880737305,32.072083
22.3314,56.3097,22.349999999999866,56.32500000000207,"(477, 374)",31.25165367126465,31.341448
23.8358,54.8836,23.849999999999866,54.87500000000195,"(448, 389)",29.682796478271484,29.795897
22.8708,56.3194,22.849999999999866,56.32500000000207,"(477, 379)",31.86062812805176,31.95223
24.3656,55.725,24.349999999999866,55.72500000000202,"(465, 394)",22.847511291503903,22.919159
26.0042,55.4633,26.049999999999855,55.475000000002,"(460, 411)",32.34781265258789,32.424095
5.8471,49.7318,5.849999999999929,49.72500000000151,"(345, 209)",32.3380126953125,32.567734
4.3552,51.8674,4.349999999999932,51.87500000000169,"(388, 194)",12.493435859680176,12.480757
19.3491,43.3572,19.34999999999988,43.375000000000966,"(218, 344)",36.0740852355957,36.081352
14.4899,35.8958,14.449999999999894,35.87500000000033,"(68, 295)",34.512020111083984,34.598015
23.9862,54.8951,23.94999999999986,54.87500000000195,"(448, 390)",29.88790512084961,29.995596
6.1185,49.6116,6.149999999999926,49.6250000000015,"(343, 212)",27.434473037719727,27.63098
6.3053,49.7223,6.349999999999925,49.72500000000151,"(345, 214)",30.58324432373047,30.940151
6.1302,49.659,6.149999999999926,49.6750000000015,"(344, 212)",30.497528076171875,30.751513
24.2897,54.0925,24.249999999999865,54.07500000000188,"(432, 393)",31.54340171813965,31.658888
24.2839,55.0722,24.249999999999865,55.075000000001964,"(452, 393)",29.907655715942383,30.013048
14.5111,35.8804,14.549999999999896,35.87500000000033,"(68, 296)",33.51496887207031,33.599926
19.0943,42.1038,19.049999999999883,42.12500000000086,"(193, 341)",37.14094924926758,37.142563
23.9578,55.28,23.94999999999986,55.27500000000198,"(456, 390)",30.415424346923828,30.523104
5.9769,49.505,5.9499999999999265,49.52500000000149,"(341, 210)",29.745996475219727,29.797949
6.1376,49.5977,6.149999999999926,49.575000000001495,"(342, 212)",28.1665153503418,28.307579
6.0424,51.1192,6.049999999999924,51.12500000000163,"(373, 211)",27.745922088623047,28.420197
21.1411,55.7078,21.149999999999878,55.72500000000202,"(465, 362)",26.22542381286621,26.317297
4.5801,51.8694,4.549999999999931,51.87500000000169,"(388, 196)",21.595502853393555,21.633913
14.1971,36.0671,14.149999999999897,36.075000000000344,"(72, 292)",43.00589370727539,43.106018
21.1795,55.69,21.149999999999878,55.675000000002015,"(464, 362)",27.2869930267334,27.388103
4.4807,51.8911,4.44999999999993,51.87500000000169,"(388, 195)",16.212228775024414,16.220556
4.4613,51.9271,4.44999999999993,51.925000000001695,"(389, 195)",15.196142196655272,15.21681
19.2566,42.441,19.24999999999988,42.425000000000885,"(199, 343)",30.96943092346191,30.978102
4.228,51.932,4.249999999999934,51.925000000001695,"(389, 193)",13.453042030334473,13.445138
21.0308,55.3764,21.049999999999876,55.37500000000199,"(458, 361)",36.30122375488281,36.436752
6.1783,49.9358,6.149999999999926,49.925000000001525,"(349, 212)",32.81222152709961,33.127846
21.8869,56.0083,21.849999999999874,56.025000000002045,"(471, 369)",33.87312316894531,33.97301
4.1219,51.9778,4.149999999999933,51.9750000000017,"(390, 192)",9.564784049987791,9.568556
4.3598,51.4344,4.349999999999932,51.42500000000165,"(379, 194)",23.884153366088867,23.951094
4.781,51.6031,4.749999999999931,51.62500000000167,"(383, 198)",25.29082298278809,25.3652
4.5108,52.2966,4.549999999999931,52.275000000001725,"(396, 196)",26.45179557800293,26.504387
4.3263,51.9105,4.349999999999932,51.925000000001695,"(389, 194)",15.275879859924316,15.282643
5.9705,50.888,5.9499999999999265,50.875000000001606,"(368, 210)",28.689455032348636,29.17839
4.8249,51.5935,4.849999999999929,51.575000000001666,"(382, 199)",25.31067657470703,25.393206
3.7495,51.2945,3.7499999999999343,51.27500000000164,"(376, 188)",26.103546142578125,26.050928
4.5153,51.6537,4.549999999999931,51.675000000001674,"(384, 196)",24.17222785949707,24.221256
5.1485,51.5184,5.149999999999929,51.52500000000166,"(381, 202)",26.54930686950684,26.675089
5.8531,51.5405,5.849999999999929,51.52500000000166,"(381, 209)",27.89324760437012,28.25673
5.4448,51.4442,5.44999999999993,51.42500000000165,"(379, 205)",23.259302139282227,23.42003
4.7082,51.8007,4.749999999999931,51.82500000000169,"(387, 198)",23.653898239135746,23.715288
18.9429,42.7812,18.949999999999882,42.775000000000915,"(206, 340)",38.5924072265625,38.608116
4.3159,52.0751,4.349999999999932,52.07500000000171,"(392, 194)",22.774490356445316,22.821877
5.2359,52.2574,5.249999999999927,52.275000000001725,"(396, 203)",27.28277015686035,27.395298
5.9869,50.9003,5.9499999999999265,50.92500000000161,"(369, 210)",28.31319999694824,28.80808
5.0505,52.8037,5.049999999999931,52.82500000000177,"(407, 201)",30.439603805541992,30.5373
4.9233,51.9745,4.94999999999993,51.9750000000017,"(390, 200)",26.092832565307617,26.165195
5.1245,52.105,5.149999999999929,52.12500000000171,"(393, 202)",26.27086067199707,26.375963
5.1816,52.2351,5.149999999999929,52.22500000000172,"(395, 202)",27.18557357788086,27.29029
6.5789,53.2178,6.549999999999924,53.225000000001806,"(415, 216)",27.38861846923828,27.52256
4.7735,52.428,4.749999999999931,52.42500000000174,"(399, 198)",18.049245834350582,18.059477
5.5735,52.9169,5.549999999999928,52.92500000000178,"(409, 206)",32.13332748413086,32.247334
4.9044,52.3721,4.94999999999993,52.375000000001734,"(398, 200)",14.833141326904297,14.860213
5.8578,51.8414,5.849999999999929,51.82500000000169,"(387, 209)",26.394132614135746,26.70341
6.9324,52.8757,6.949999999999923,52.875000000001776,"(408, 220)",28.28778648376465,28.540546
4.8321,52.4202,4.849999999999929,52.42500000000174,"(399, 199)",15.508142471313477,15.536626
4.8997,52.358,4.849999999999929,52.375000000001734,"(398, 199)",15.77706241607666,15.785363
4.8382,52.1379,4.849999999999929,52.12500000000171,"(393, 199)",27.06475830078125,27.128876
5.8818,50.9023,5.849999999999929,50.92500000000161,"(369, 209)",27.872005462646484,28.289427
5.6192,52.4487,5.649999999999926,52.42500000000174,"(399, 207)",28.655139923095703,28.798079
5.3933,51.4074,5.349999999999929,51.42500000000165,"(379, 204)",26.89874649047852,27.053564
4.6018,52.463,4.649999999999933,52.47500000000174,"(400, 197)",22.891237258911133,22.921494
4.9874,52.2015,4.94999999999993,52.22500000000172,"(395, 200)",26.077699661254883,26.152582
6.4029,52.3883,6.449999999999923,52.375000000001734,"(398, 215)",28.38698387145996,28.673157
4.2892,52.0771,4.249999999999934,52.07500000000171,"(392, 193)",22.25185775756836,22.288183
6.6054,52.0918,6.649999999999926,52.07500000000171,"(392, 217)",27.52789688110352,28.055384
21.4636,42.0036,21.449999999999875,42.02500000000085,"(191, 365)",25.47455596923828,25.48147
6.6089,53.2465,6.649999999999926,53.225000000001806,"(415, 217)",28.38439559936523,28.538046
4.7286,52.3984,4.749999999999931,52.375000000001734,"(398, 198)",22.88941764831543,22.915028
4.3594,52.039,4.349999999999932,52.025000000001704,"(391, 194)",23.048219680786133,23.09313
5.4724,51.4687,5.44999999999993,51.47500000000166,"(380, 205)",24.93516731262207,25.112974
5.1205,52.0677,5.149999999999929,52.07500000000171,"(392, 202)",24.68556022644043,24.781933
11.2933,45.5364,11.249999999999906,45.52500000000115,"(261, 263)",37.2137565612793,37.17558
4.9884,52.3207,4.94999999999993,52.32500000000173,"(397, 200)",22.487401962280277,22.54706
6.2768,53.3304,6.249999999999927,53.325000000001815,"(417, 213)",30.99217414855957,31.117697
13.7847,42.9922,13.749999999999899,42.97500000000093,"(210, 288)",35.47093200683594,35.469025
4.841,52.3395,4.849999999999929,52.32500000000173,"(397, 199)",22.6773738861084,22.73476
4.4505,51.7866,4.44999999999993,51.77500000000168,"(386, 195)",24.879135131835938,24.921263
4.6423,52.3705,4.649999999999933,52.375000000001734,"(398, 197)",26.429283142089844,26.469028
4.8617,52.5636,4.849999999999929,52.57500000000175,"(402, 199)",28.082897186279297,28.156853
21.47,41.9783,21.449999999999875,41.97500000000085,"(190, 365)",26.73017692565918,26.736244
22.4158,41.9139,22.449999999999868,41.92500000000084,"(189, 375)",36.71895217895508,36.743866
5.7084,52.1116,5.749999999999927,52.12500000000171,"(393, 208)",28.361291885375977,28.564272
6.0176,52.6541,6.049999999999924,52.67500000000176,"(404, 211)",30.060747146606445,30.215878
20.9586,41.5144,20.949999999999875,41.52500000000081,"(181, 360)",37.52109909057617,37.539574
21.7147,42.1356,21.749999999999872,42.12500000000086,"(193, 368)",33.0562629699707,33.06356
3.9166,51.6347,3.9499999999999336,51.62500000000167,"(383, 190)",27.62274169921875,27.639053
21.3564,41.04,21.349999999999874,41.025000000000766,"(171, 364)",36.89460754394531,36.90967
20.9652,41.9976,20.949999999999875,41.97500000000085,"(190, 360)",36.42613220214844,36.438362
21.6525,41.9874,21.64999999999987,41.97500000000085,"(190, 367)",29.92613220214844,29.932486
4.715,52.3275,4.749999999999931,52.32500000000173,"(397, 198)",16.635700225830078,16.654203
21.6506,42.0159,21.64999999999987,42.02500000000085,"(191, 367)",34.12403106689453,34.131664
21.7653,41.7058,21.749999999999872,41.725000000000826,"(185, 368)",33.35040283203125,33.357513
4.5793,52.4789,4.549999999999931,52.47500000000174,"(400, 196)",21.563608169555664,21.589523
20.6989,41.5358,20.649999999999878,41.52500000000081,"(181, 357)",41.6201400756836,41.64558
10.8149,59.8986,10.849999999999907,59.87500000000237,"(548, 259)",26.757387161254883,26.786133
8.8766,62.7825,8.849999999999914,62.77500000000262,"(606, 239)",37.27726364135742,37.289646
13.9065,65.8309,13.949999999999898,65.82500000000289,"(667, 290)",34.705162048339844,34.714874
22.0072,41.4406,22.04999999999987,41.4250000000008,"(179, 371)",33.33094024658203,33.340168
10.7246,59.9323,10.74999999999991,59.92500000000238,"(549, 258)",16.734451293945312,16.750826
10.8466,59.9277,10.849999999999907,59.92500000000238,"(549, 259)",22.180524826049805,22.204
5.3278,60.3922,5.349999999999929,60.375000000002416,"(558, 204)",27.982837677001957,27.992338
4.7708,52.28,4.749999999999931,52.275000000001725,"(396, 198)",24.489273071289062,24.543201
30.4215,69.6562,30.44999999999984,69.67500000000321,"(744, 455)",32.15535354614258,32.16702
8.2519,58.3885,8.24999999999992,58.375000000002245,"(518, 233)",34.10848617553711,34.148262
10.3968,63.4175,10.34999999999991,63.425000000002676,"(619, 254)",28.99373245239257,29.006859
5.2369,60.3611,5.249999999999927,60.375000000002416,"(558, 203)",29.51206588745117,29.520191
10.6965,59.9193,10.649999999999912,59.92500000000238,"(549, 257)",21.5200138092041,21.53989
5.7314,58.9616,5.749999999999927,58.9750000000023,"(530, 208)",29.682477951049805,29.69964
18.9637,69.6563,18.949999999999882,69.67500000000321,"(744, 340)",26.65391731262207,26.665312
9.6357,59.1593,9.649999999999912,59.17500000000231,"(534, 247)",29.46344375610352,29.49095
10.4656,61.1209,10.449999999999909,61.12500000000248,"(573, 255)",25.882179260253903,25.897226
11.0892,59.2738,11.04999999999991,59.27500000000232,"(536, 261)",29.294368743896484,29.330267
8.3594,58.256,8.349999999999918,58.27500000000224,"(516, 234)",34.619293212890625,34.666042
10.4109,63.433,10.449999999999909,63.425000000002676,"(619, 255)",27.6284236907959,27.642029
6.1567,62.471,6.149999999999926,62.475000000002595,"(600, 212)",31.388471603393555,31.398006
7.9918,58.1489,7.949999999999919,58.125000000002224,"(513, 230)",34.55768203735352,34.607365
30.0407,69.4551,30.04999999999984,69.47500000000319,"(740, 451)",31.92350196838379,31.935596
10.9401,59.2102,10.949999999999909,59.22500000000232,"(535, 260)",29.482646942138672,29.51941
10.3717,63.3576,10.34999999999991,63.37500000000267,"(618, 254)",28.970495223999023,28.984434
10.4896,59.9057,10.449999999999909,59.92500000000238,"(549, 255)",27.33515167236328,27.360054
11.074,59.9555,11.04999999999991,59.97500000000238,"(550, 261)",25.54689216613769,25.574753
10.206,59.7433,10.249999999999913,59.72500000000236,"(545, 253)",27.025543212890625,27.051586
21.387,42.006,21.349999999999874,42.02500000000085,"(191, 364)",29.038827896118164,29.04482
10.6618,59.4335,10.649999999999912,59.425000000002335,"(539, 257)",26.86628532409668,26.89971
9.6522,59.1382,9.649999999999912,59.12500000000231,"(533, 247)",26.355775833129883,26.380898
11.0741,60.3729,11.04999999999991,60.375000000002416,"(558, 261)",33.004249572753906,33.032467
11.1222,59.279,11.149999999999908,59.27500000000232,"(536, 262)",30.00968170166016,30.046417
11.0978,60.7965,11.04999999999991,60.77500000000245,"(566, 261)",28.93118095397949,28.950838
9.4871,59.2024,9.449999999999916,59.22500000000232,"(535, 245)",31.968107223510746,31.99574
5.3325,60.4627,5.349999999999929,60.475000000002424,"(560, 204)",29.68893051147461,29.699978
5.2015,59.1972,5.249999999999927,59.17500000000231,"(534, 203)",36.40472030639648,36.424694
16.1805,51.2045,16.149999999999892,51.225000000001636,"(375, 312)",29.910131454467773,30.718426
15.4317,51.3176,15.449999999999894,51.325000000001644,"(377, 305)",32.31566619873047,32.727737
9.6605,59.0872,9.649999999999912,59.075000000002305,"(532, 247)",29.28683280944824,29.314238
15.3122,50.9125,15.349999999999893,50.92500000000161,"(369, 304)",36.48106384277344,36.787975
17.2913,50.9421,17.249999999999886,50.92500000000161,"(369, 323)",30.93491744995117,31.414633
14.9413,50.9722,14.949999999999894,50.975000000001614,"(370, 300)",32.73375701904297,33.14563
15.0082,51.1504,15.049999999999896,51.17500000000163,"(374, 301)",29.88496780395508,30.551418
17.0293,51.1294,17.04999999999989,51.12500000000163,"(373, 321)",29.38514518737793,31.231056
11.5277,58.9965,11.549999999999907,58.9750000000023,"(530, 266)",32.93427276611328,32.98138
16.6537,50.4335,16.649999999999892,50.42500000000157,"(359, 317)",33.200435638427734,33.690968
16.0097,69.2786,16.04999999999989,69.27500000000317,"(736, 311)",35.92839813232422,35.93674
16.2541,50.8042,16.249999999999893,50.8250000000016,"(367, 313)",33.169044494628906,33.76602
16.1822,48.3853,16.149999999999892,48.37500000000139,"(318, 312)",31.90181541442871,31.941341
13.8414,46.6125,13.8499999999999,46.62500000000124,"(283, 289)",28.90921211242676,28.859386
16.2079,47.3399,16.249999999999893,47.3250000000013,"(297, 313)",33.03673553466797,33.044624
16.6481,50.7328,16.649999999999892,50.72500000000159,"(365, 317)",34.16614532470703,34.73174
15.9419,48.5283,15.949999999999891,48.525000000001405,"(321, 310)",32.28984832763672,32.328716
14.2471,48.1984,14.249999999999899,48.175000000001376,"(314, 293)",25.42654609680176,25.504583
14.8222,46.7639,14.849999999999893,46.775000000001256,"(286, 299)",32.488067626953125,32.453587
16.5111,48.145,16.54999999999989,48.12500000000137,"(313, 316)",24.660419464111328,24.669498
14.2661,46.6525,14.249999999999899,46.67500000000125,"(284, 293)",29.7861328125,29.750605
1.717,42.5349,1.7499999999999414,42.525000000000894,"(201, 168)",48.00263977050781,48.210682
4.2503,51.2155,4.249999999999934,51.225000000001636,"(375, 193)",25.68677520751953,25.664267
4.9884,50.5027,4.94999999999993,50.525000000001576,"(361, 200)",29.68332862854004,29.810835
5.593,50.027,5.549999999999928,50.02500000000153,"(351, 206)",33.409629821777344,33.62369
6.0023,50.6289,6.049999999999924,50.625000000001585,"(363, 211)",33.28877639770508,33.759777
5.9928,50.6123,5.9499999999999265,50.625000000001585,"(363, 210)",32.016937255859375,32.431274
4.4247,50.3776,4.44999999999993,50.37500000000156,"(358, 195)",31.11341857910156,31.14489
3.591,50.5079,3.549999999999935,50.525000000001576,"(361, 186)",29.02301406860352,28.65979
5.5294,50.6601,5.549999999999928,50.67500000000159,"(364, 206)",27.34255027770996,27.595388
3.2414,50.7532,3.2499999999999343,50.7750000000016,"(366, 183)",27.489765167236328,27.03073
17.59,45.07,17.549999999999883,45.07500000000111,"(252, 326)",31.246427536010746,31.253935
4.5211,50.4164,4.549999999999931,50.42500000000157,"(359, 196)",30.187238693237305,30.241043
4.3959,50.4078,4.349999999999932,50.42500000000157,"(359, 194)",30.40910148620605,30.411993
27.5872,43.223,27.549999999999855,43.22500000000095,"(215, 426)",33.03380584716797,33.067425
25.3797,41.6361,25.34999999999986,41.62500000000082,"(183, 404)",36.131568908691406,36.166252
24.615,43.4118,24.649999999999864,43.42500000000097,"(219, 397)",31.63593482971191,31.67933
25.6049,43.0742,25.649999999999856,43.07500000000094,"(212, 407)",33.4833869934082,33.532238
27.3751,42.5189,27.349999999999852,42.525000000000894,"(201, 424)",31.794361114501957,31.83081
23.114,42.5783,23.149999999999864,42.5750000000009,"(202, 382)",37.67080307006836,37.702267
23.311,42.7323,23.349999999999866,42.72500000000091,"(205, 384)",29.967004776000977,29.996542
25.5935,42.0564,25.549999999999855,42.075000000000855,"(192, 406)",30.281005859375,30.310198
24.8401,42.0232,24.84999999999986,42.02500000000085,"(191, 399)",33.6530647277832,33.684467
23.2968,42.6806,23.249999999999865,42.67500000000091,"(204, 383)",33.0196647644043,33.05057
26.9384,43.2682,26.949999999999854,43.27500000000096,"(216, 420)",32.31459045410156,32.359165
27.4688,42.5102,27.449999999999854,42.525000000000894,"(201, 425)",34.484676361083984,34.523872
23.3361,42.6904,23.349999999999866,42.67500000000091,"(204, 384)",30.46529006958008,30.495089
23.0978,42.0019,23.04999999999987,42.02500000000085,"(191, 381)",31.554174423217773,31.571442
23.4002,42.6665,23.449999999999868,42.67500000000091,"(204, 385)",31.48809242248535,31.515795
23.556,42.7275,23.54999999999987,42.72500000000091,"(205, 386)",33.11974334716797,33.154522
25.6315,42.4342,25.649999999999856,42.425000000000885,"(199, 407)",33.37046813964844,33.41709
25.8754,42.1465,25.84999999999986,42.12500000000086,"(193, 409)",31.20458984375,31.241022
23.5574,43.208,23.54999999999987,43.22500000000095,"(215, 386)",35.02528381347656,35.061504
27.421,42.4566,27.449999999999854,42.47500000000089,"(200, 425)",32.377723693847656,32.415836
24.7652,42.1429,24.749999999999858,42.12500000000086,"(193, 398)",28.50799369812012,28.534298
24.1773,42.7082,24.149999999999864,42.72500000000091,"(205, 392)",38.720977783203125,38.771214
25.9641,43.8514,25.94999999999986,43.87500000000101,"(228, 410)",30.2414493560791,30.191694
24.7381,41.6943,24.749999999999858,41.67500000000082,"(184, 398)",39.90254592895508,39.938656
23.0369,42.6099,23.04999999999987,42.6250000000009,"(203, 381)",34.12859344482422,34.15699
25.5527,41.9302,25.549999999999855,41.92500000000084,"(189, 406)",31.092735290527344,31.121931
25.6912,43.1265,25.649999999999856,43.125000000000945,"(213, 407)",32.64794921875,32.695435
23.2439,42.6372,23.249999999999865,42.6250000000009,"(203, 383)",39.125885009765625,39.158745
24.3368,42.1914,24.349999999999866,42.175000000000864,"(194, 394)",30.32033348083496,30.346336
15.9741,45.8003,15.949999999999891,45.825000000001175,"(267, 310)",32.45975112915039,32.45092
27.721,42.6598,27.74999999999985,42.67500000000091,"(204, 428)",37.21599578857422,37.25175
23.2239,43.4097,23.249999999999865,43.42500000000097,"(219, 383)",31.08272933959961,31.110018
33.0578,35.038,33.049999999999834,35.025000000000254,"(51, 481)",39.54561996459961,39.55064
16.0065,45.7649,16.04999999999989,45.77500000000117,"(266, 311)",30.303808212280277,30.296299
22.8749,43.9985,22.849999999999866,43.97500000000102,"(230, 379)",31.130090713500977,31.147528
26.3383,42.674,26.349999999999852,42.67500000000091,"(204, 414)",36.30097579956055,36.353016
18.1226,42.6447,18.149999999999885,42.6250000000009,"(203, 332)",36.457481384277344,36.45959
27.9044,43.2029,27.949999999999847,43.22500000000095,"(215, 430)",35.39596939086914,35.420105
16.0683,45.7148,16.04999999999989,45.72500000000117,"(265, 311)",29.271530151367188,29.262354
14.442,50.0942,14.449999999999894,50.07500000000154,"(352, 295)",28.07039833068848,28.154846
14.4459,50.0073,14.449999999999894,50.02500000000153,"(351, 295)",29.79714775085449,29.894506
33.3478,35.1519,33.34999999999983,35.17500000000027,"(54, 484)",35.68832015991211,35.693417
18.6988,45.5588,18.649999999999885,45.575000000001154,"(262, 337)",31.30565452575684,31.315811
16.3884,45.4581,16.349999999999888,45.475000000001145,"(260, 314)",30.030197143554688,30.02364
16.4493,43.5107,16.44999999999989,43.52500000000098,"(221, 315)",30.49877166748047,30.501837
24.7351,41.5684,24.749999999999858,41.57500000000081,"(182, 398)",39.92117691040039,39.956062
17.9951,45.1595,17.94999999999989,45.17500000000112,"(254, 330)",30.00056838989257,30.007061
13.8169,44.8625,13.8499999999999,44.875000000001094,"(248, 289)",35.95390319824219,35.94349
27.8331,43.5529,27.849999999999852,43.57500000000098,"(222, 429)",34.21060562133789,34.23229
32.4386,34.7794,32.44999999999983,34.77500000000023,"(46, 475)",38.65001678466797,38.65726
24.7508,42.1526,24.749999999999858,42.175000000000864,"(194, 398)",27.31285285949707,27.338402
15.6606,46.1691,15.64999999999989,46.175000000001205,"(274, 307)",33.30246353149414,33.295757
14.5031,50.1111,14.549999999999896,50.12500000000154,"(353, 296)",28.84737014770508,28.959217
16.5936,49.1981,16.54999999999989,49.17500000000146,"(334, 316)",30.50240898132324,30.539843
24.7157,43.1369,24.749999999999858,43.125000000000945,"(213, 398)",33.92462158203125,33.96685
14.4835,45.3208,14.449999999999894,45.32500000000113,"(257, 295)",34.8835563659668,34.87432
16.6163,49.2027,16.649999999999892,49.225000000001465,"(335, 317)",31.95733070373535,32.001064
15.6098,44.8993,15.64999999999989,44.875000000001094,"(248, 307)",39.16465759277344,39.176556
16.7245,48.7918,16.749999999999886,48.77500000000143,"(326, 318)",32.420589447021484,32.45873
14.6305,45.5935,14.649999999999897,45.575000000001154,"(262, 297)",40.23733901977539,40.231525
13.7498,45.2912,13.749999999999899,45.27500000000113,"(256, 288)",33.94894790649414,33.94338
16.7807,45.4791,16.749999999999886,45.475000000001145,"(260, 318)",28.85971450805664,28.860199
16.116,43.0313,16.149999999999892,43.02500000000094,"(211, 312)",39.86151885986328,39.853184
33.0178,34.6817,33.049999999999834,34.675000000000225,"(44, 481)",33.68977355957031,33.69612
14.3801,50.0844,14.349999999999897,50.07500000000154,"(352, 294)",28.73687171936035,28.844942
33.6158,34.9136,33.64999999999983,34.925000000000246,"(49, 487)",37.26972198486328,37.27508
14.3846,50.1265,14.349999999999897,50.12500000000154,"(353, 294)",29.8679256439209,29.998728
18.8346,45.698,18.84999999999988,45.67500000000116,"(264, 339)",32.29825210571289,32.31131
14.5378,50.0623,14.549999999999896,50.07500000000154,"(352, 296)",29.15690422058105,29.257982
14.4676,50.1222,14.449999999999894,50.12500000000154,"(353, 295)",28.69255256652832,28.802263
33.3317,35.1269,33.34999999999983,35.12500000000026,"(53, 484)",36.35906982421875,36.36413
16.0858,48.8814,16.04999999999989,48.875000000001435,"(328, 311)",32.14210891723633,32.183586
16.6962,49.149,16.649999999999892,49.12500000000146,"(333, 317)",30.4825496673584,30.524475
16.6205,49.2555,16.649999999999892,49.27500000000147,"(336, 317)",34.15773391723633,34.211994
14.4699,48.9519,14.449999999999894,48.975000000001444,"(330, 295)",31.71793556213379,31.754725
14.3314,50.0461,14.349999999999897,50.02500000000153,"(351, 294)",30.357839584350582,30.479681
15.8464,50.1954,15.849999999999893,50.175000000001546,"(354, 309)",30.93227767944336,31.028776
13.6148,49.0684,13.649999999999897,49.07500000000145,"(332, 287)",37.91329193115234,37.9362
14.7234,48.7242,14.749999999999895,48.72500000000142,"(325, 298)",36.43972396850586,36.486225
16.5678,49.2165,16.54999999999989,49.225000000001465,"(335, 316)",31.645530700683597,31.687407
15.894,50.5818,15.849999999999893,50.57500000000158,"(362, 309)",35.55438995361328,35.701786
15.6102,49.4016,15.64999999999989,49.42500000000148,"(339, 307)",33.672977447509766,33.74776
15.3445,50.82,15.349999999999893,50.8250000000016,"(367, 304)",37.389404296875,37.588184
13.8375,49.4673,13.8499999999999,49.47500000000149,"(340, 289)",34.30374526977539,34.408688
15.07,50.7551,15.049999999999896,50.7750000000016,"(366, 301)",33.41518020629883,33.599583
14.0004,49.0161,14.049999999999896,49.02500000000145,"(331, 291)",35.32215118408203,35.36845
14.6764,49.4112,14.649999999999897,49.42500000000148,"(339, 297)",33.178401947021484,33.24765
15.0803,49.5734,15.049999999999896,49.575000000001495,"(342, 301)",34.703487396240234,34.791546
14.106,50.1674,14.149999999999897,50.175000000001546,"(354, 292)",30.397693634033203,30.55826
18.2766,49.9398,18.249999999999886,49.925000000001525,"(349, 333)",30.46146011352539,30.641973
18.5515,49.8638,18.549999999999883,49.87500000000152,"(348, 336)",30.07757377624512,30.403072
13.3755,49.7284,13.3499999999999,49.72500000000151,"(345, 284)",29.95873260498047,30.09304
16.0601,48.843,16.04999999999989,48.82500000000143,"(327, 311)",32.02012634277344,32.061363
15.7635,50.024,15.749999999999892,50.02500000000153,"(351, 308)",30.82156562805176,30.911922
17.1902,50.2422,17.149999999999892,50.22500000000155,"(355, 322)",37.849830627441406,37.950493
16.0342,49.7351,16.04999999999989,49.72500000000151,"(345, 311)",36.56507110595703,36.65443
15.1783,50.302,15.149999999999894,50.32500000000156,"(357, 302)",32.00094223022461,32.14061
17.2381,49.6015,17.249999999999886,49.6250000000015,"(343, 323)",31.10933303833008,31.178715
18.29,49.8398,18.249999999999886,49.825000000001516,"(347, 333)",28.75956344604492,28.868025
15.1691,50.2957,15.149999999999894,50.275000000001555,"(356, 302)",31.20102310180664,31.342957
12.6728,50.1728,12.649999999999904,50.175000000001546,"(354, 277)",32.365238189697266,32.60254
18.5386,49.5026,18.549999999999883,49.52500000000149,"(341, 336)",36.59886169433594,36.683254
13.4234,49.7686,13.449999999999902,49.77500000000151,"(346, 285)",30.979650497436523,31.119362
16.6667,49.759,16.649999999999892,49.77500000000151,"(346, 317)",33.119049072265625,33.204723
17.6263,49.7932,17.649999999999885,49.77500000000151,"(346, 327)",36.01289367675781,36.106464
17.4542,49.4517,17.44999999999989,49.47500000000149,"(340, 325)",31.298410415649418,31.365541
15.3197,50.7896,15.349999999999893,50.7750000000016,"(366, 304)",37.39695739746094,37.582314
17.1147,49.4679,17.149999999999892,49.47500000000149,"(340, 322)",30.56367874145508,30.628073
13.6185,49.722,13.649999999999897,49.72500000000151,"(345, 287)",34.272972106933594,34.417656
13.4023,49.7324,13.449999999999902,49.72500000000151,"(345, 285)",30.82944869995117,30.963692
16.3227,50.3506,16.349999999999888,50.37500000000156,"(358, 314)",35.91239929199219,36.085865
12.6779,49.6696,12.649999999999904,49.6750000000015,"(344, 277)",33.93963623046875,34.20676
18.6097,49.749,18.649999999999885,49.72500000000151,"(345, 337)",31.29991912841797,31.66293
14.5373,50.698,14.549999999999896,50.67500000000159,"(364, 296)",32.49626922607422,32.702087
13.0674,49.5526,13.049999999999903,49.575000000001495,"(342, 281)",31.7281436920166,31.924854
15.3029,50.7385,15.349999999999893,50.72500000000159,"(365, 304)",36.79576873779297,36.96644
14.6605,50.1898,14.649999999999897,50.175000000001546,"(354, 297)",28.963607788085938,29.0877
18.1593,49.8253,18.149999999999885,49.825000000001516,"(347, 332)",30.4373779296875,30.552937
15.857,50.2185,15.849999999999893,50.22500000000155,"(355, 309)",30.18341636657715,30.2819
16.0986,49.3836,16.04999999999989,49.37500000000148,"(338, 311)",34.09123229980469,34.164703
15.3526,50.4395,15.349999999999893,50.42500000000157,"(359, 304)",31.452919006347656,31.589584
15.8505,50.0615,15.849999999999893,50.07500000000154,"(352, 309)",30.751073837280277,30.849262
16.9796,49.281,16.94999999999989,49.27500000000147,"(336, 320)",33.2308464050293,33.292202
14.0077,49.6849,14.049999999999896,49.6750000000015,"(344, 291)",34.00612258911133,34.122227
15.0698,50.9407,15.049999999999896,50.92500000000161,"(369, 301)",34.20402526855469,34.479507
17.0707,49.0687,17.04999999999989,49.07500000000145,"(332, 321)",34.065731048583984,34.116035
14.1018,50.1439,14.149999999999897,50.12500000000154,"(353, 292)",30.662307739257812,30.816391
12.8852,50.2356,12.8499999999999,50.22500000000155,"(355, 279)",32.49008560180664,32.691612
15.9039,50.5659,15.949999999999891,50.57500000000158,"(362, 310)",34.57209396362305,34.717022
15.8658,49.2234,15.849999999999893,49.225000000001465,"(335, 309)",34.488895416259766,34.552036
12.3634,50.0659,12.349999999999904,50.07500000000154,"(352, 274)",31.636547088623047,32.01179
12.6154,50.3725,12.649999999999904,50.37500000000156,"(358, 277)",36.48828125,36.73489
15.439,49.1592,15.449999999999894,49.17500000000146,"(334, 305)",35.01780319213867,35.07954
18.7412,49.502,18.749999999999886,49.52500000000149,"(341, 338)",34.1942253112793,34.28882
14.1717,49.1467,14.149999999999897,49.12500000000146,"(333, 292)",33.24382781982422,33.296043
13.3682,49.7701,13.3499999999999,49.77500000000151,"(346, 284)",30.86903190612793,31.008247
15.0785,50.6246,15.049999999999896,50.625000000001585,"(363, 301)",33.24148941040039,33.40329
16.2682,50.1724,16.249999999999893,50.175000000001546,"(354, 313)",33.738670349121094,33.842056
16.9608,49.932,16.94999999999989,49.925000000001525,"(349, 320)",33.97134780883789,34.0514
18.3511,49.6718,18.34999999999988,49.6750000000015,"(344, 334)",33.01747512817383,33.111652
15.8385,50.3542,15.849999999999893,50.37500000000156,"(358, 309)",31.65394592285156,31.77192
14.0583,49.9579,14.049999999999896,49.97500000000153,"(350, 291)",31.716596603393555,31.860653
16.4221,49.9804,16.44999999999989,49.97500000000153,"(350, 315)",33.38835906982422,33.4788
15.8501,50.6604,15.849999999999893,50.67500000000159,"(364, 309)",36.96111679077149,37.139366
14.9139,50.4286,14.949999999999894,50.42500000000157,"(359, 300)",30.1476993560791,30.293556
17.5419,49.7771,17.549999999999883,49.77500000000151,"(346, 326)",36.38634490966797,36.474453
14.7826,49.9135,14.749999999999895,49.925000000001525,"(349, 298)",33.32132339477539,33.424625
17.8042,49.5871,17.849999999999888,49.575000000001495,"(342, 329)",31.65378761291504,31.741716
18.3484,49.5592,18.34999999999988,49.575000000001495,"(342, 334)",36.159706115722656,36.243187
18.4068,49.791,18.449999999999882,49.77500000000151,"(346, 335)",31.010814666748047,31.153477
15.2731,49.9613,15.249999999999892,49.97500000000153,"(350, 303)",32.29349136352539,32.402714
14.1194,50.5409,14.149999999999897,50.525000000001576,"(361, 292)",30.436670303344727,30.61546
14.0431,50.6611,14.049999999999896,50.67500000000159,"(364, 291)",31.108139038085938,31.324398
15.1622,50.7274,15.149999999999894,50.72500000000159,"(365, 302)",35.15079879760742,35.32523
14.513,50.975,14.549999999999896,50.975000000001614,"(370, 296)",33.691951751708984,34.113327
18.6778,49.6681,18.649999999999885,49.6750000000015,"(344, 337)",30.720014572143555,30.829226
15.2066,50.0172,15.249999999999892,50.02500000000153,"(351, 303)",31.14928436279297,31.255358
18.4229,49.9247,18.449999999999882,49.925000000001525,"(349, 335)",27.665542602539062,27.976025
14.0868,50.7894,14.049999999999896,50.7750000000016,"(366, 291)",33.14026641845703,33.433052
18.744,49.5942,18.749999999999886,49.575000000001495,"(342, 338)",34.06260681152344,34.171463
17.6672,49.2329,17.649999999999885,49.225000000001465,"(335, 327)",33.186397552490234,33.2405
11.521,56.7174,11.549999999999907,56.725000000002105,"(485, 266)",36.60834503173828,36.70659
10.7155,54.7545,10.74999999999991,54.77500000000194,"(446, 258)",33.489501953125,33.772743
12.0889,55.6942,12.049999999999903,55.675000000002015,"(464, 271)",31.746450424194336,31.880337
17.1314,48.8573,17.149999999999892,48.875000000001435,"(328, 322)",32.24385070800781,32.273857
14.1702,50.4589,14.149999999999897,50.47500000000157,"(360, 292)",30.507936477661133,30.682028
18.2697,49.8563,18.249999999999886,49.87500000000152,"(348, 333)",29.373279571533203,29.518654
13.6734,50.5858,13.649999999999897,50.57500000000158,"(362, 287)",27.99458885192871,28.173702
16.3972,49.9697,16.349999999999888,49.97500000000153,"(350, 314)",32.87783432006836,32.964207
13.9979,50.6831,13.949999999999898,50.67500000000159,"(364, 290)",31.784761428833008,32.02455
15.5774,49.6064,15.549999999999892,49.6250000000015,"(343, 306)",34.00804901123047,34.096462
12.5533,55.6983,12.549999999999903,55.675000000002015,"(464, 276)",27.395055770874023,27.536184
15.5913,49.3924,15.549999999999892,49.37500000000148,"(338, 306)",35.24700164794922,35.31985
18.3391,49.8071,18.34999999999988,49.825000000001516,"(347, 334)",30.1303768157959,30.280508
17.2662,49.5929,17.249999999999886,49.575000000001495,"(342, 323)",29.343595504760746,29.404451
16.627,49.1888,16.649999999999892,49.17500000000146,"(334, 317)",29.89779663085937,29.929192
13.3276,50.3766,13.3499999999999,50.37500000000156,"(358, 284)",32.97593688964844,33.186565
13.6453,50.5104,13.649999999999897,50.525000000001576,"(361, 287)",29.90798568725586,30.085106
14.5088,48.9659,14.549999999999896,48.975000000001444,"(330, 296)",32.869075775146484,32.916138
12.5614,55.7003,12.549999999999903,55.72500000000202,"(465, 276)",30.312545776367188,30.453846
13.1301,50.4276,13.1499999999999,50.42500000000157,"(359, 282)",35.54011917114258,35.77062
15.941,49.5646,15.949999999999891,49.575000000001495,"(342, 310)",35.05659866333008,35.14147
13.2869,49.4006,13.249999999999899,49.42500000000148,"(339, 283)",33.72542953491211,33.866463
10.1936,56.1598,10.149999999999912,56.17500000000206,"(474, 252)",32.52528762817383,32.629906
17.9095,49.945,17.94999999999989,49.925000000001525,"(349, 330)",33.27241516113281,33.412407
10.3892,55.3964,10.34999999999991,55.37500000000199,"(458, 254)",31.148855209350582,31.289602
17.4106,49.2594,17.44999999999989,49.27500000000147,"(336, 325)",32.219459533691406,32.280334
17.4668,49.068,17.44999999999989,49.07500000000145,"(332, 325)",30.49502944946289,30.537481
17.967,49.4721,17.94999999999989,49.47500000000149,"(340, 330)",32.22990036010742,32.29969
18.0893,49.7209,18.049999999999883,49.72500000000151,"(345, 331)",30.360382080078125,30.461567
17.996,49.3444,17.94999999999989,49.325000000001474,"(337, 330)",35.01365661621094,35.077515
14.2188,50.7742,14.249999999999899,50.7750000000016,"(366, 293)",32.39679718017578,32.672207
18.0078,49.0478,18.049999999999883,49.02500000000145,"(331, 331)",34.6909065246582,34.741676
18.2472,49.796,18.249999999999886,49.77500000000151,"(346, 333)",30.11259651184082,30.211748
13.4938,50.3035,13.449999999999902,50.32500000000156,"(357, 285)",31.06289863586425,31.259436
13.4195,50.5798,13.449999999999902,50.57500000000158,"(362, 285)",34.81076431274414,35.08114
13.8477,50.6967,13.8499999999999,50.67500000000159,"(364, 289)",32.018829345703125,32.25986
18.4336,49.8757,18.449999999999882,49.87500000000152,"(348, 335)",29.927160263061523,30.137564
13.8512,50.6453,13.8499999999999,50.625000000001585,"(363, 289)",28.974777221679688,29.171585
8.4274,56.2904,8.449999999999916,56.275000000002066,"(476, 235)",33.720699310302734,33.805073
15.2925,50.7422,15.249999999999892,50.72500000000159,"(365, 303)",36.40239334106445,36.574196
13.4127,50.4675,13.449999999999902,50.47500000000157,"(360, 285)",31.47527885437012,31.679749
25.9306,59.4944,25.94999999999986,59.47500000000234,"(540, 410)",31.32058525085449,31.35801
13.4827,50.1698,13.449999999999902,50.175000000001546,"(354, 285)",32.043724060058594,32.222775
21.845,58.3761,21.849999999999874,58.375000000002245,"(518, 369)",36.919525146484375,36.97817
27.2786,59.4097,27.24999999999985,59.425000000002335,"(539, 423)",31.036020278930664,31.07313
26.7347,58.3706,26.749999999999858,58.375000000002245,"(518, 418)",26.910329818725582,26.952839
24.6495,59.4142,24.649999999999864,59.425000000002335,"(539, 397)",29.719724655151367,29.758186
28.1792,59.3762,28.14999999999985,59.37500000000233,"(538, 432)",29.38784408569336,29.424969
24.4193,64.6677,24.44999999999986,64.67500000000278,"(644, 395)",30.82408905029297,30.855677
9.9309,57.0467,9.949999999999912,57.02500000000213,"(491, 250)",31.937191009521484,32.00577
24.1123,67.9672,24.149999999999864,67.97500000000306,"(710, 392)",31.21700859069824,31.236221
21.374,59.7792,21.349999999999874,59.775000000002365,"(546, 364)",37.4002571105957,37.447994
31.0469,63.1431,31.04999999999984,63.12500000000265,"(613, 461)",30.630475997924805,30.659857
24.6849,60.3144,24.649999999999864,60.32500000000241,"(557, 397)",30.46012306213379,30.499102
29.4016,66.3217,29.449999999999847,66.32500000000292,"(677, 445)",30.735849380493164,30.755907
25.7111,62.2899,25.749999999999858,62.27500000000258,"(596, 408)",29.08985710144043,29.127079
24.9506,60.1874,24.94999999999986,60.1750000000024,"(554, 400)",23.017946243286133,23.050373
10.2008,56.1506,10.249999999999913,56.17500000000206,"(474, 253)",31.9218807220459,32.028576
25.0395,60.2899,25.049999999999862,60.27500000000241,"(556, 401)",26.763904571533203,26.799257
22.1431,61.3316,22.14999999999987,61.3250000000025,"(577, 372)",30.339244842529297,30.378092
27.6754,60.53,27.64999999999985,60.52500000000243,"(561, 427)",31.23266220092773,31.272236
24.2833,61.8611,24.249999999999865,61.875000000002544,"(588, 393)",31.060361862182617,31.100002
1.8833,48.5819,1.8499999999999428,48.57500000000141,"(322, 169)",30.7973747253418,30.180607
27.2733,61.6864,27.24999999999985,61.67500000000253,"(584, 423)",28.604427337646484,28.637608
22.2677,60.4519,22.249999999999872,60.475000000002424,"(560, 373)",27.442747116088867,27.480104
2.1656,48.6794,2.14999999999994,48.67500000000142,"(324, 172)",29.903112411499023,28.372202
28.8737,61.2381,28.849999999999845,61.22500000000249,"(575, 439)",27.242826461791992,27.275967
26.2317,60.4505,26.249999999999858,60.475000000002424,"(560, 413)",30.25800132751465,30.296473
2.2944,48.9303,2.2499999999999414,48.92500000000144,"(329, 173)",24.89339256286621,22.689089
2.3467,48.8917,2.3499999999999392,48.875000000001435,"(328, 174)",18.61941337585449,15.219714
2.3275,48.8278,2.3499999999999392,48.82500000000143,"(327, 174)",21.587665557861328,18.248928
25.4713,65.01,25.44999999999986,65.02500000000282,"(651, 405)",27.59246826171875,27.62125
21.7997,61.4826,21.749999999999872,61.47500000000251,"(580, 368)",29.036827087402344,29.074327
2.3847,48.9039,2.3499999999999392,48.92500000000144,"(329, 174)",23.31729316711425,20.664602
25.1024,60.2239,25.149999999999864,60.2250000000024,"(555, 402)",26.919944763183597,26.957258
28.8378,61.1284,28.849999999999845,61.12500000000248,"(573, 439)",28.69520378112793,28.72894
2.1306,48.7992,2.14999999999994,48.77500000000143,"(326, 172)",29.69762420654297,27.794512
24.6986,59.4569,24.649999999999864,59.47500000000234,"(540, 397)",32.7985725402832,32.83851
26.7589,58.7028,26.749999999999858,58.725000000002275,"(525, 418)",30.92267608642578,30.968502
24.0285,61.2716,24.049999999999862,61.27500000000249,"(576, 391)",30.659900665283203,30.699556
28.7701,61.1889,28.749999999999844,61.175000000002484,"(574, 438)",29.187158584594727,29.221184
21.6127,63.0935,21.64999999999987,63.075000000002646,"(612, 367)",30.726869583129883,30.761047
25.6549,60.967,25.649999999999856,60.97500000000247,"(570, 407)",28.407560348510746,28.443026
28.4985,61.1171,28.449999999999847,61.12500000000248,"(573, 435)",28.89192581176757,28.927923
23.7357,61.4987,23.749999999999865,61.47500000000251,"(580, 388)",27.148212432861328,27.185158
22.7184,63.6791,22.749999999999872,63.6750000000027,"(624, 378)",30.36303329467773,30.398708
23.8022,61.4991,23.849999999999866,61.47500000000251,"(580, 389)",28.042604446411133,28.080515
24.0628,60.2513,24.049999999999862,60.27500000000241,"(556, 391)",31.657575607299805,31.697512
24.7606,59.4311,24.749999999999858,59.425000000002335,"(539, 398)",28.593149185180664,28.629045
12.4633,55.632,12.449999999999902,55.62500000000201,"(463, 275)",30.89320373535156,31.052685
27.6695,62.8936,27.64999999999985,62.87500000000263,"(608, 427)",29.089767456054688,29.121721
24.1919,62.5885,24.149999999999864,62.5750000000026,"(602, 392)",30.9277286529541,30.967796
2.4447,48.9908,2.449999999999937,48.975000000001444,"(330, 175)",26.05289459228516,23.724981
28.3031,68.477,28.349999999999852,68.4750000000031,"(720, 434)",31.17683792114257,31.191175
25.1334,61.2158,25.149999999999864,61.22500000000249,"(575, 402)",31.07382202148437,31.11208
23.4967,60.8168,23.449999999999868,60.825000000002454,"(567, 385)",30.561372756958008,30.601988
25.5661,60.3601,25.549999999999855,60.375000000002416,"(558, 406)",28.97130584716797,29.009562
2.6536,48.5281,2.64999999999994,48.525000000001405,"(321, 177)",30.69835662841797,29.339155
22.0961,60.4253,22.04999999999987,60.42500000000242,"(559, 371)",32.2431526184082,32.285416
23.6758,61.5085,23.649999999999864,61.525000000002514,"(581, 387)",28.59613609313965,28.63429
25.5911,60.9791,25.549999999999855,60.97500000000247,"(570, 406)",29.303810119628903,29.340656
2.7503,49.0281,2.749999999999938,49.02500000000145,"(331, 178)",29.769821166992188,29.021687
2.5753,48.9556,2.5499999999999385,48.975000000001444,"(330, 176)",25.98003578186035,24.014822
26.9462,60.5132,26.949999999999854,60.52500000000243,"(561, 420)",29.83914566040039,29.878222
26.6378,67.3619,26.649999999999856,67.37500000000301,"(698, 417)",30.215919494628903,30.233086
1.8305,48.6337,1.8499999999999428,48.625000000001414,"(323, 169)",31.78256225585937,31.035133
25.0897,60.4713,25.049999999999862,60.475000000002424,"(560, 401)",29.50255012512207,29.540483
24.8113,60.2202,24.84999999999986,60.2250000000024,"(555, 399)",27.063186645507812,27.099588
28.1843,61.0558,28.14999999999985,61.075000000002476,"(572, 432)",30.57090187072754,30.607971
2.3758,48.7759,2.3499999999999392,48.77500000000143,"(326, 174)",24.550195693969727,21.994177
25.7432,62.243,25.749999999999858,62.225000000002574,"(595, 408)",27.97569274902344,28.01238
25.011,60.312,25.049999999999862,60.32500000000241,"(557, 401)",27.503393173217773,27.539803
2.2781,48.8814,2.2499999999999414,48.875000000001435,"(328, 173)",22.753223419189453,19.467087
2.4128,48.8386,2.449999999999937,48.82500000000143,"(327, 175)",24.584182739257812,21.896
2.6453,48.3547,2.64999999999994,48.37500000000139,"(318, 177)",32.141868591308594,31.570654
-2.2499,47.2641,-2.2500000000000444,47.2750000000013,"(296, 128)",33.550594329833984,32.72356
-0.7437,46.6567,-0.7500000000000497,46.67500000000125,"(284, 143)",32.72589111328125,32.503128
-0.5561,47.4685,-0.5500000000000504,47.475000000001316,"(300, 145)",29.431739807128903,26.736683
-1.6903,47.1461,-1.6500000000000465,47.125000000001286,"(293, 134)",32.25053405761719,31.798262
0.1518,47.9219,0.14999999999994706,47.925000000001354,"(309, 152)",31.368764877319336,30.65526
-1.9548,47.3608,-1.9500000000000455,47.37500000000131,"(298, 131)",31.570192337036133,30.748728
25.4793,64.9947,25.44999999999986,64.97500000000281,"(650, 405)",29.743478775024418,29.773252
2.6353,48.8403,2.64999999999994,48.82500000000143,"(327, 177)",28.6088809967041,26.411266
-1.4368,46.6607,-1.4500000000000473,46.67500000000125,"(284, 136)",32.36668014526367,31.687855
2.0431,49.0464,2.0499999999999385,49.02500000000145,"(331, 171)",29.36244773864746,27.831444
23.1316,63.8376,23.149999999999864,63.82500000000271,"(627, 382)",29.688322067260746,29.723976
-1.5733,47.2528,-1.550000000000047,47.2750000000013,"(296, 135)",30.72189712524414,29.38816
-0.7677,48.0694,-0.7500000000000497,48.07500000000137,"(312, 143)",31.684404373168945,30.628967
26.7056,60.8693,26.749999999999858,60.87500000000246,"(568, 418)",29.24832534790039,29.28504
-0.444,47.7877,-0.4500000000000508,47.77500000000134,"(306, 146)",31.318979263305664,31.080206
0.196,47.9889,0.14999999999994706,47.97500000000136,"(310, 152)",30.22391700744629,29.416471
2.4572,48.7067,2.449999999999937,48.72500000000142,"(325, 175)",28.250558853149418,26.630875
-1.1171,46.1351,-1.1500000000000483,46.1250000000012,"(273, 139)",32.811954498291016,32.245605
2.5072,48.8819,2.5499999999999385,48.875000000001435,"(328, 176)",27.06607246398925,25.215294
0.2214,47.9711,0.2499999999999467,47.97500000000136,"(310, 153)",31.43069839477539,30.497965
28.2459,61.0575,28.24999999999985,61.075000000002476,"(572, 433)",27.60738182067871,27.643183
-0.5894,44.8005,-0.5500000000000504,44.82500000000109,"(247, 145)",29.57343482971191,27.729347
28.1765,61.0408,28.14999999999985,61.02500000000247,"(571, 432)",29.469587326049805,29.506609
29.7634,62.5991,29.749999999999844,62.5750000000026,"(602, 448)",30.715961456298828,30.748081
-1.5529,47.2044,-1.550000000000047,47.225000000001295,"(295, 135)",30.72437286376953,28.880415
2.1894,48.8464,2.14999999999994,48.82500000000143,"(327, 172)",28.36608505249023,25.956053
-2.0733,47.3173,-2.050000000000045,47.3250000000013,"(297, 130)",30.60712623596191,30.242231
0.3585,46.587,0.34999999999994635,46.57500000000124,"(282, 154)",31.31831741333008,29.8144
0.1624,45.6515,0.14999999999994706,45.67500000000116,"(264, 152)",31.325103759765625,30.254011
-0.6511,44.8414,-0.6500000000000501,44.82500000000109,"(247, 144)",29.86101722717285,28.370054
-2.0323,47.2861,-2.050000000000045,47.2750000000013,"(296, 130)",33.137813568115234,32.926437
-0.5158,44.9003,-0.5500000000000504,44.9250000000011,"(249, 145)",30.797557830810547,30.297129
-0.4589,46.3296,-0.4500000000000508,46.32500000000122,"(277, 146)",30.052135467529297,28.41587
-0.8861,47.0544,-0.8500000000000494,47.07500000000128,"(292, 142)",31.622861862182617,30.331345
2.4292,48.6272,2.449999999999937,48.625000000001414,"(323, 175)",28.30797576904297,26.060265
28.8101,61.153,28.849999999999845,61.175000000002484,"(574, 439)",29.186262130737305,29.220814
27.7333,64.2244,27.74999999999985,64.22500000000275,"(635, 428)",27.386978149414062,27.415375
-0.5804,44.8612,-0.5500000000000504,44.875000000001094,"(248, 145)",28.17235374450684,25.832071
-0.3915,43.3108,-0.35000000000005116,43.32500000000096,"(217, 147)",31.01629447937012,30.08083
-0.3239,45.687,-0.35000000000005116,45.67500000000116,"(264, 147)",29.468730926513672,28.118229
-1.5288,43.494,-1.550000000000047,43.475000000000975,"(220, 135)",35.48332214355469,35.417088
-2.3321,47.2531,-2.350000000000044,47.2750000000013,"(296, 127)",34.78023147583008,34.25688
2.5175,48.8164,2.5499999999999385,48.82500000000143,"(327, 176)",27.074499130249023,25.089212
-0.5501,47.4474,-0.5500000000000504,47.42500000000131,"(299, 145)",31.32583236694336,30.135422
2.2369,48.3642,2.2499999999999414,48.37500000000139,"(318, 173)",30.50267219543457,30.19861
-1.7832,47.2832,-1.7500000000000462,47.2750000000013,"(296, 133)",32.17816162109375,31.48728
2.4525,48.9025,2.449999999999937,48.92500000000144,"(329, 175)",24.77858161926269,22.233217
0.1672,45.6474,0.14999999999994706,45.62500000000116,"(263, 152)",32.29204177856445,31.577497
-2.1908,47.3157,-2.1500000000000448,47.3250000000013,"(297, 129)",31.93245315551757,31.305006
2.2687,48.6409,2.2499999999999414,48.625000000001414,"(323, 173)",29.903898239135746,28.44701
1.8664,49.0631,1.8499999999999428,49.07500000000145,"(332, 169)",30.76461410522461,30.302885
2.3439,49.1003,2.3499999999999392,49.12500000000146,"(333, 174)",30.30341911315918,29.57637
-1.9366,47.2475,-1.9500000000000455,47.225000000001295,"(295, 131)",32.62408828735352,32.433784
2.2699,48.8304,2.2499999999999414,48.82500000000143,"(327, 173)",24.581039428710938,21.550934
2.2236,48.9514,2.2499999999999414,48.975000000001444,"(330, 173)",26.90196228027344,24.817383
3.0583,48.7617,3.0499999999999385,48.77500000000143,"(326, 181)",31.276582717895508,30.925232
-0.1355,46.8244,-0.15000000000005187,46.82500000000126,"(287, 149)",30.85951042175293,30.65883
1.7033,48.9964,1.7499999999999414,48.975000000001444,"(330, 168)",31.02381896972656,29.881147
-1.1537,46.1626,-1.1500000000000483,46.175000000001205,"(274, 139)",32.816837310791016,31.20551
-0.6101,47.4302,-0.6500000000000501,47.42500000000131,"(299, 144)",31.335718154907227,30.696249
0.0997,45.6088,0.04999999999994742,45.62500000000116,"(263, 151)",31.673030853271484,31.298738
-0.3959,46.1432,-0.35000000000005116,46.1250000000012,"(273, 147)",31.75446891784668,31.664066
-0.94,44.8658,-0.950000000000049,44.875000000001094,"(248, 141)",32.820919036865234,32.891026
2.4219,48.8728,2.449999999999937,48.875000000001435,"(328, 175)",23.95186996459961,21.31026
1.2569,45.8311,1.2499999999999414,45.825000000001175,"(267, 163)",31.68399810791016,30.163046
0.6239,44.1922,0.6499999999999453,44.175000000001035,"(234, 157)",31.318099975585938,30.729189
0.8984,45.8849,0.8499999999999446,45.87500000000118,"(268, 159)",32.97028350830078,32.878345
-0.6732,43.4099,-0.6500000000000501,43.42500000000097,"(219, 144)",30.457992553710938,29.813843
-1.2112,46.1616,-1.250000000000048,46.175000000001205,"(274, 138)",36.02928924560547,35.799927
1.7628,45.2627,1.7499999999999414,45.27500000000113,"(256, 168)",34.4849853515625,33.960854
1.3079,45.8733,1.3499999999999428,45.87500000000118,"(268, 164)",34.08023452758789,33.870888
-1.0353,43.0336,-1.0500000000000487,43.02500000000094,"(211, 140)",39.21583938598633,39.516315
-0.4914,43.8961,-0.4500000000000508,43.87500000000101,"(228, 146)",30.843626022338867,30.589045
0.7272,45.1898,0.7499999999999449,45.17500000000112,"(254, 158)",32.304073333740234,31.475258
-0.9919,46.3096,-0.950000000000049,46.32500000000122,"(277, 141)",30.47146224975586,29.879807
1.9663,47.9174,1.9499999999999407,47.925000000001354,"(309, 170)",29.49285697937012,27.475565
3.0842,48.8059,3.0499999999999385,48.82500000000143,"(327, 181)",31.329383850097656,30.694319
-0.6103,43.3772,-0.6500000000000501,43.375000000000966,"(218, 144)",31.94413375854492,31.874994
2.0033,46.9429,2.0499999999999385,46.92500000000127,"(289, 171)",31.106786727905277,31.151218
1.3027,47.5943,1.3499999999999428,47.575000000001324,"(302, 164)",31.6165771484375,30.954618
2.4072,47.075,2.449999999999937,47.07500000000128,"(292, 175)",31.110767364501957,30.731222
2.7195,47.9979,2.749999999999938,47.97500000000136,"(310, 178)",31.076387405395508,30.632795
-1.4892,43.4798,-1.4500000000000473,43.475000000000975,"(220, 136)",32.06643295288086,30.95863
-0.5382,43.3763,-0.5500000000000504,43.375000000000966,"(218, 145)",31.095169067382812,30.495281
1.4688,48.4393,1.4499999999999442,48.4250000000014,"(319, 165)",31.36999130249023,30.692883
2.073,47.222,2.0499999999999385,47.225000000001295,"(295, 171)",30.911359786987305,29.95853
2.6101,46.8147,2.64999999999994,46.82500000000126,"(287, 177)",32.398895263671875,32.437923
1.9447,47.8378,1.9499999999999407,47.825000000001346,"(307, 170)",31.541336059570316,30.82578
1.873,46.1736,1.8499999999999428,46.175000000001205,"(274, 169)",34.81216812133789,34.309498
0.1427,44.5088,0.14999999999994706,44.525000000001064,"(241, 152)",31.174814224243164,30.922361
0.7049,47.3946,0.7499999999999449,47.37500000000131,"(298, 158)",31.44546699523925,30.423086
0.6538,47.3441,0.6499999999999453,47.3250000000013,"(297, 157)",30.906383514404297,30.067348
-0.5339,45.0148,-0.5500000000000504,45.02500000000111,"(251, 145)",30.96702003479004,30.768482
9.4464,42.6979,9.449999999999916,42.67500000000091,"(204, 245)",37.37751770019531,36.889595
2.0093,47.959,2.0499999999999385,47.97500000000136,"(310, 171)",31.435306549072266,30.785757
8.7357,41.9247,8.749999999999917,41.92500000000084,"(189, 238)",28.264789581298828,26.958609
9.4517,42.7001,9.449999999999916,42.72500000000091,"(205, 245)",38.073875427246094,37.862038
9.476,42.5358,9.449999999999916,42.525000000000894,"(201, 245)",36.66162109375,36.29142
8.8203,41.958,8.849999999999914,41.97500000000085,"(190, 239)",35.979957580566406,35.77227
1.2336,48.7609,1.2499999999999414,48.77500000000143,"(326, 163)",31.204757690429688,30.55554
0.7173,47.4693,0.7499999999999449,47.475000000001316,"(300, 158)",31.09290885925293,30.376184
0.6829,47.4191,0.6499999999999453,47.42500000000131,"(299, 157)",30.54863929748535,29.355295
-1.0386,43.7046,-1.0500000000000487,43.725000000000996,"(225, 140)",30.750375747680664,30.1768
1.9556,48.3911,1.9499999999999407,48.37500000000139,"(318, 170)",30.576963424682617,30.222258
1.5373,45.1587,1.549999999999942,45.17500000000112,"(254, 166)",32.27738571166992,31.198658
1.6931,46.7983,1.64999999999994,46.775000000001256,"(286, 167)",32.29302215576172,32.059696
-0.812,43.8389,-0.8500000000000494,43.825000000001005,"(227, 142)",30.89937973022461,30.844467
-0.5761,44.7225,-0.5500000000000504,44.72500000000108,"(245, 145)",31.06138610839844,30.425566
-0.3844,44.9131,-0.35000000000005116,44.9250000000011,"(249, 147)",31.18737030029297,30.895227
1.9103,47.8994,1.9499999999999407,47.87500000000135,"(308, 170)",30.62080192565918,29.331694
1.4097,47.1702,1.4499999999999442,47.17500000000129,"(294, 165)",31.927452087402344,31.954266
3.8988,43.6096,3.8499999999999357,43.62500000000099,"(223, 189)",32.42159652709961,30.954508
4.2464,43.7246,4.249999999999934,43.725000000000996,"(225, 193)",32.977027893066406,32.156536
1.3585,48.7297,1.3499999999999428,48.72500000000142,"(325, 164)",31.029224395751957,29.93131
9.19,42.236,9.149999999999915,42.22500000000087,"(195, 242)",41.78086853027344,41.81604
3.6036,43.4282,3.649999999999933,43.42500000000097,"(219, 187)",37.089599609375,36.694035
2.9005,42.6955,2.949999999999937,42.67500000000091,"(204, 180)",34.58080291748047,34.361607
4.6796,43.9426,4.649999999999933,43.92500000000101,"(229, 197)",33.801513671875,33.0636
1.4295,43.636,1.4499999999999442,43.62500000000099,"(223, 165)",28.624740600585938,26.341743
1.3933,43.5616,1.3499999999999428,43.57500000000098,"(222, 164)",31.320512771606445,30.371359
1.5715,43.4573,1.549999999999942,43.475000000000975,"(220, 166)",31.810029983520508,30.762228
2.803,43.5944,2.8499999999999357,43.57500000000098,"(222, 179)",40.648136138916016,41.041813
4.0884,43.6758,4.049999999999931,43.67500000000099,"(224, 191)",31.494848251342773,30.013721
1.444,43.5873,1.4499999999999442,43.57500000000098,"(222, 165)",28.193429946899418,25.353544
4.2658,43.9254,4.249999999999934,43.92500000000101,"(229, 193)",34.10521697998047,33.941624
0.1791,43.6287,0.14999999999994706,43.62500000000099,"(223, 152)",32.54474639892578,32.72227
2.1459,43.9278,2.14999999999994,43.92500000000101,"(229, 172)",32.57918930053711,31.895628
0.8456,43.8839,0.8499999999999446,43.87500000000101,"(228, 159)",32.11696243286133,31.890976
0.1653,49.4811,0.14999999999994706,49.47500000000149,"(340, 152)",23.596155166625977,22.940807
2.8399,42.7198,2.8499999999999357,42.72500000000091,"(205, 179)",33.87529754638672,33.484695
4.3744,43.8344,4.349999999999932,43.825000000001005,"(227, 194)",33.01374816894531,31.08702
0.4116,49.504,0.449999999999946,49.52500000000149,"(341, 155)",31.95646095275879,31.62792
0.1093,49.348,0.14999999999994706,49.325000000001474,"(337, 152)",32.2396354675293,31.4691
0.1006,49.5147,0.14999999999994706,49.52500000000149,"(341, 152)",30.122783660888672,29.045752
3.0722,44.1062,3.0499999999999385,44.12500000000103,"(233, 181)",36.29268646240234,36.173225
-0.0405,43.0962,-0.050000000000052225,43.07500000000094,"(212, 150)",35.84260559082031,36.037014
2.0623,45.8051,2.0499999999999385,45.825000000001175,"(267, 171)",37.34153747558594,37.68708
4.643,43.8292,4.649999999999933,43.825000000001005,"(227, 197)",34.05194854736328,33.546364
0.4518,49.4877,0.449999999999946,49.47500000000149,"(340, 155)",30.694913864135746,30.25639
0.1108,48.4456,0.14999999999994706,48.4250000000014,"(319, 152)",31.959705352783203,31.267748
1.5955,43.8031,1.549999999999942,43.825000000001005,"(227, 166)",31.752317428588867,31.59787
2.2196,44.5552,2.2499999999999414,44.57500000000107,"(242, 173)",33.65236282348633,33.29101
0.3587,49.5289,0.34999999999994635,49.52500000000149,"(341, 154)",31.15826416015625,30.580873
1.6226,43.1144,1.64999999999994,43.125000000000945,"(213, 167)",33.586875915527344,33.212463
-1.0847,49.1164,-1.0500000000000487,49.12500000000146,"(333, 140)",32.880069732666016,32.356792
-1.6267,49.6364,-1.6500000000000465,49.6250000000015,"(343, 134)",33.6024284362793,33.062885
1.5101,48.4444,1.549999999999942,48.4250000000014,"(319, 166)",30.73092460632324,30.015257
0.9572,49.9164,0.9499999999999442,49.925000000001525,"(349, 160)",36.343841552734375,36.205437
1.058,49.4282,1.0499999999999456,49.42500000000148,"(339, 161)",29.772994995117188,28.393097
0.2325,49.5027,0.2499999999999467,49.52500000000149,"(341, 153)",31.39636993408203,30.694666
5.0234,43.359,5.049999999999931,43.375000000000966,"(218, 201)",33.578125,33.065247
-0.4583,48.645,-0.4500000000000508,48.625000000001414,"(323, 146)",34.06345748901367,33.90259
0.5262,49.4737,0.5499999999999456,49.47500000000149,"(340, 156)",28.48993682861328,28.048115
-0.3528,49.1517,-0.35000000000005116,49.17500000000146,"(334, 147)",29.229124069213867,26.799915
0.0846,49.5039,0.04999999999994742,49.52500000000149,"(341, 151)",33.78134536743164,33.492878
1.1552,49.4062,1.1499999999999435,49.42500000000148,"(339, 162)",30.72919464111328,29.144417
1.0187,49.385,1.0499999999999456,49.37500000000148,"(338, 161)",31.31642341613769,30.159508
0.7588,49.4983,0.7499999999999449,49.47500000000149,"(340, 158)",32.124481201171875,31.640219
0.4159,49.75,0.449999999999946,49.72500000000151,"(345, 155)",34.25782012939453,33.0746
1.7719,46.8645,1.7499999999999414,46.875000000001265,"(288, 168)",31.22373390197754,30.929272
4.9819,43.4019,4.94999999999993,43.42500000000097,"(219, 200)",29.70751190185547,29.314304
1.2144,49.3049,1.2499999999999414,49.325000000001474,"(337, 163)",31.55069160461425,30.814632
4.801,43.3938,4.849999999999929,43.375000000000966,"(218, 199)",38.40247344970703,38.36021
4.9346,43.4589,4.94999999999993,43.475000000000975,"(220, 200)",35.00983810424805,34.53974
3.8868,43.5915,3.8499999999999357,43.57500000000098,"(222, 189)",32.11930084228516,30.483746
0.2272,49.1472,0.2499999999999467,49.12500000000146,"(333, 153)",32.83362579345703,32.193085
1.3451,49.7812,1.3499999999999428,49.77500000000151,"(346, 164)",32.34870529174805,32.13274
4.6974,44.0545,4.649999999999933,44.075000000001026,"(232, 197)",34.6000862121582,34.067738
1.1567,49.0092,1.1499999999999435,49.02500000000145,"(331, 162)",31.142778396606445,30.020906
1.4118,44.0227,1.4499999999999442,44.02500000000102,"(231, 165)",31.51600646972656,31.230553
2.2257,44.5459,2.2499999999999414,44.525000000001064,"(241, 173)",33.76383972167969,33.708538
5.0516,43.4053,5.049999999999931,43.42500000000097,"(219, 201)",36.15989303588867,35.347534
2.2302,43.6105,2.2499999999999414,43.62500000000099,"(223, 173)",34.58224105834961,34.37114
0.7196,43.1062,0.7499999999999449,43.125000000000945,"(213, 158)",30.323944091796875,28.714825
1.3757,43.6335,1.3499999999999428,43.62500000000099,"(223, 164)",29.110849380493164,28.184376
0.0623,43.2303,0.04999999999994742,43.22500000000095,"(215, 151)",31.4686222076416,30.357275
1.074,49.918,1.0499999999999456,49.925000000001525,"(349, 161)",33.272682189941406,32.965466
3.5048,43.2875,3.549999999999935,43.27500000000096,"(216, 186)",39.01342391967773,39.00218
3.1888,43.4068,3.1499999999999364,43.42500000000097,"(219, 182)",34.93992233276367,35.12521
1.8219,43.4414,1.8499999999999428,43.42500000000097,"(219, 169)",33.76398086547852,33.69814
1.2843,49.6713,1.2499999999999414,49.6750000000015,"(344, 163)",32.31843185424805,31.952051
3.8002,43.6926,3.8499999999999357,43.67500000000099,"(224, 189)",34.811397552490234,34.55108
5.1601,43.3868,5.149999999999929,43.375000000000966,"(218, 202)",34.31660079956055,33.62752
5.1719,43.4862,5.149999999999929,43.475000000000975,"(220, 202)",36.73341751098633,36.14282
0.539,49.5121,0.5499999999999456,49.52500000000149,"(341, 156)",31.47624015808105,31.00961
5.4409,43.5303,5.44999999999993,43.52500000000098,"(221, 205)",32.09218215942383,30.268139
4.9829,43.5061,4.94999999999993,43.52500000000098,"(221, 200)",34.87602615356445,34.359562
5.2541,43.446,5.249999999999927,43.42500000000097,"(219, 203)",31.924468994140625,30.544151
5.0065,43.5847,5.049999999999931,43.57500000000098,"(222, 201)",34.42829132080078,33.799244
5.1512,43.3309,5.149999999999929,43.32500000000096,"(217, 202)",36.01527404785156,35.560574
5.3601,43.3481,5.349999999999929,43.32500000000096,"(217, 204)",27.5087890625,25.75493
0.2531,49.4975,0.2499999999999467,49.47500000000149,"(340, 153)",28.88650131225586,28.010132
5.3974,43.2764,5.349999999999929,43.27500000000096,"(216, 204)",32.31715393066406,31.26695
5.0588,43.3399,5.049999999999931,43.32500000000096,"(217, 201)",36.59926986694336,36.392147
4.6292,43.6751,4.649999999999933,43.67500000000099,"(224, 197)",33.19852828979492,32.166935
4.8043,43.9497,4.849999999999929,43.92500000000101,"(229, 199)",30.692981719970703,28.569147
5.5114,43.2833,5.549999999999928,43.27500000000096,"(216, 206)",35.293540954589844,33.416634
3.9118,43.5705,3.9499999999999336,43.57500000000098,"(222, 190)",34.336544036865234,33.44499
5.2201,43.5108,5.249999999999927,43.52500000000098,"(221, 203)",33.17416763305664,32.18028
4.1383,44.1424,4.149999999999933,44.12500000000103,"(233, 192)",33.791038513183594,33.532566
5.7274,43.3352,5.749999999999927,43.32500000000096,"(217, 208)",39.66947555541992,39.649742
5.1011,43.639,5.149999999999929,43.62500000000099,"(223, 202)",33.959686279296875,32.824947
5.9244,43.1246,5.9499999999999265,43.125000000000945,"(213, 210)",33.35354232788086,31.340502
5.7531,45.1828,5.749999999999927,45.17500000000112,"(254, 208)",27.85017204284668,25.286728
5.4667,43.4536,5.44999999999993,43.475000000000975,"(220, 205)",33.79399490356445,32.46987
3.1138,45.7973,3.1499999999999364,45.77500000000117,"(266, 182)",30.458187103271484,28.588017
4.8203,45.7553,4.849999999999929,45.77500000000117,"(266, 199)",25.308305740356445,22.146486
3.3611,46.4409,3.3499999999999357,46.425000000001226,"(279, 184)",31.146772384643555,30.96596
6.0115,43.1359,6.049999999999924,43.125000000000945,"(213, 211)",35.475372314453125,34.31088
4.8567,43.9601,4.849999999999929,43.97500000000102,"(230, 199)",32.15622329711914,30.832047
7.0932,43.5988,7.049999999999924,43.57500000000098,"(222, 221)",33.859519958496094,31.781631
5.0722,45.7533,5.049999999999931,45.77500000000117,"(266, 201)",30.362443923950195,28.800983
6.7684,43.4379,6.749999999999924,43.42500000000097,"(219, 218)",36.08919906616211,35.274086
4.8836,45.7036,4.849999999999929,45.72500000000117,"(265, 199)",25.397157669067383,22.433224
7.3324,43.7888,7.3499999999999215,43.775000000001,"(226, 224)",34.67034149169922,34.18819
3.6007,46.6527,3.649999999999933,46.67500000000125,"(284, 187)",30.64607620239257,30.552515
5.5894,45.3602,5.549999999999928,45.37500000000114,"(258, 206)",32.650020599365234,30.773817
6.0672,44.5487,6.049999999999924,44.525000000001064,"(241, 211)",37.6625862121582,37.317173
3.0963,45.7757,3.0499999999999385,45.77500000000117,"(266, 181)",35.493656158447266,34.44599
2.598,46.344,2.5499999999999385,46.32500000000122,"(277, 176)",32.73031234741211,32.204395
4.8022,45.6019,4.849999999999929,45.62500000000116,"(263, 199)",28.24225234985352,25.870564
3.2483,45.5454,3.2499999999999343,45.52500000000115,"(261, 183)",31.38823890686035,30.285217
3.2493,46.659,3.2499999999999343,46.67500000000125,"(284, 183)",31.27547073364257,31.101927
4.4657,45.9614,4.44999999999993,45.97500000000119,"(270, 195)",36.51702880859375,36.536495
5.7118,43.9335,5.749999999999927,43.92500000000101,"(229, 208)",38.59917449951172,38.71724
6.9209,43.6578,6.949999999999923,43.67500000000099,"(224, 220)",38.59347152709961,37.4785
5.7861,43.8358,5.749999999999927,43.825000000001005,"(227, 208)",34.98860168457031,34.53471
2.4411,44.9201,2.449999999999937,44.9250000000011,"(249, 175)",35.39728546142578,34.423088
7.1579,43.6583,7.149999999999922,43.67500000000099,"(224, 222)",32.1561279296875,29.423178
3.887,45.039,3.8499999999999357,45.02500000000111,"(251, 189)",35.75601959228516,35.196594
0.7436,43.0936,0.7499999999999449,43.07500000000094,"(212, 158)",34.81403732299805,35.0663
7.0483,43.7919,7.049999999999924,43.775000000001,"(226, 221)",38.08218002319336,38.233475
4.7196,45.9862,4.749999999999931,45.97500000000119,"(270, 198)",28.11828231811523,26.211906
3.2774,45.1047,3.2499999999999343,45.125000000001116,"(253, 183)",37.68169403076172,37.798447
4.428,43.4571,4.44999999999993,43.475000000000975,"(220, 195)",41.93462753295898,41.859158
5.687,45.1905,5.649999999999926,45.17500000000112,"(254, 207)",34.322959899902344,33.296097
4.8297,45.6995,4.849999999999929,45.67500000000116,"(264, 199)",27.546390533447266,25.460293
4.954,45.8232,4.94999999999993,45.825000000001175,"(267, 200)",30.78721618652344,29.00866
7.2421,43.6893,7.24999999999992,43.67500000000099,"(224, 223)",30.40310287475586,28.594057
7.2863,43.7021,7.24999999999992,43.725000000000996,"(225, 223)",32.4058723449707,30.322586
4.9247,45.7789,4.94999999999993,45.77500000000117,"(266, 200)",30.051380157470703,28.26649
6.073,44.5552,6.049999999999924,44.57500000000107,"(242, 211)",39.2023811340332,38.96497
2.601,46.324,2.64999999999994,46.32500000000122,"(277, 177)",32.85686111450195,32.522045
3.5151,46.0603,3.549999999999935,46.0750000000012,"(272, 186)",35.13326644897461,35.298176
5.6767,45.0578,5.649999999999926,45.07500000000111,"(252, 207)",37.28649139404297,36.553642
5.7287,45.0795,5.749999999999927,45.07500000000111,"(252, 208)",35.16428756713867,34.320663
4.9803,45.7317,4.94999999999993,45.72500000000117,"(265, 200)",28.19673538208008,25.942759
3.1111,45.8075,3.1499999999999364,45.825000000001175,"(267, 182)",30.39837455749512,28.868643
3.3311,46.5619,3.3499999999999357,46.57500000000124,"(282, 184)",31.492738723754883,30.882767
4.0747,46.0411,4.049999999999931,46.02500000000119,"(271, 191)",30.936973571777344,29.843798
4.3954,45.4201,4.349999999999932,45.42500000000114,"(259, 194)",32.8695182800293,30.649069
-3.395,47.7425,-3.3500000000000405,47.72500000000134,"(305, 117)",32.11623764038086,31.401173
5.0674,44.0604,5.049999999999931,44.075000000001026,"(232, 201)",35.13077926635742,35.116573
4.8898,44.9489,4.849999999999929,44.9250000000011,"(249, 199)",32.814117431640625,30.498688
4.3898,45.4667,4.349999999999932,45.475000000001145,"(260, 194)",31.875001907348636,29.83966
6.8458,45.9072,6.8499999999999215,45.925000000001184,"(269, 219)",46.317962646484375,45.650192
4.6239,45.5334,4.649999999999933,45.52500000000115,"(261, 197)",33.103492736816406,31.5299
3.0659,50.3782,3.0499999999999385,50.37500000000156,"(358, 181)",28.01586532592773,26.83227
6.7136,45.9236,6.749999999999924,45.925000000001184,"(269, 218)",41.66523742675781,40.507454
1.8901,50.9578,1.8499999999999428,50.975000000001614,"(370, 169)",23.80449676513672,23.485249
4.4128,45.4221,4.44999999999993,45.42500000000114,"(259, 195)",34.861122131347656,33.3397
6.3497,45.2747,6.349999999999925,45.27500000000113,"(256, 214)",39.78546524047851,39.87401
4.4297,45.4818,4.44999999999993,45.475000000001145,"(260, 195)",33.989044189453125,32.7831
-2.764,47.6489,-2.7500000000000426,47.62500000000133,"(303, 123)",35.43238830566406,34.992584
4.8049,45.3533,4.849999999999929,45.37500000000114,"(258, 199)",31.38092613220215,29.685019
2.42,51.0486,2.449999999999937,51.02500000000162,"(371, 175)",29.538461685180664,28.42231
5.9186,45.5967,5.9499999999999265,45.575000000001154,"(262, 210)",30.070999145507812,27.472178
4.7665,45.4545,4.749999999999931,45.475000000001145,"(260, 198)",34.0328483581543,33.41059
5.2709,45.6082,5.249999999999927,45.62500000000116,"(263, 203)",31.684335708618164,29.947151
-1.6798,48.1075,-1.6500000000000465,48.12500000000137,"(313, 134)",29.687339782714844,27.433485
3.5227,50.3642,3.549999999999935,50.37500000000156,"(358, 186)",28.846092224121097,27.846478
5.8208,46.0722,5.849999999999929,46.0750000000012,"(272, 209)",35.9447135925293,34.3906
6.4694,44.997,6.449999999999923,44.9750000000011,"(250, 215)",50.16118240356445,50.60904
5.8754,43.1016,5.849999999999929,43.125000000000945,"(213, 209)",34.95735549926758,33.301388
4.515,45.4753,4.549999999999931,45.475000000001145,"(260, 196)",33.87546920776367,32.397217
6.3897,45.675,6.349999999999925,45.67500000000116,"(264, 214)",34.33922576904297,33.05851
6.1313,43.1197,6.149999999999926,43.125000000000945,"(213, 212)",36.93328094482422,36.33573
3.1151,45.8942,3.1499999999999364,45.87500000000118,"(268, 182)",30.94559097290039,29.640835
-1.6591,48.0896,-1.6500000000000465,48.07500000000137,"(312, 134)",31.024003982543945,29.653385
4.8763,44.8702,4.849999999999929,44.875000000001094,"(248, 199)",33.353477478027344,31.508512
2.4202,44.8983,2.449999999999937,44.875000000001094,"(248, 175)",36.44334411621094,36.479843
6.2406,46.1958,6.249999999999927,46.175000000001205,"(274, 213)",32.106231689453125,30.496538
-4.0997,47.9961,-4.050000000000038,47.97500000000136,"(310, 110)",34.38529968261719,33.645622
6.0756,43.3987,6.049999999999924,43.375000000000966,"(218, 211)",36.68080139160156,36.448513
-1.9961,48.6547,-1.9500000000000455,48.67500000000142,"(324, 131)",35.36397171020508,34.92808
3.6879,45.2747,3.649999999999933,45.27500000000113,"(256, 187)",37.77507019042969,38.08765
5.1831,43.5483,5.149999999999929,43.52500000000098,"(221, 202)",32.41712951660156,31.770334
1.8431,50.9473,1.8499999999999428,50.92500000000161,"(369, 169)",30.887187957763672,29.987286
4.8347,43.7884,4.849999999999929,43.775000000001,"(226, 199)",34.446327209472656,33.822277
-3.375,47.7517,-3.3500000000000405,47.77500000000134,"(306, 117)",33.05033874511719,31.338497
6.4208,45.7467,6.449999999999923,45.72500000000117,"(265, 215)",38.25498580932617,37.94425
7.1222,43.5809,7.149999999999922,43.57500000000098,"(222, 222)",35.13235855102539,34.073853
5.362,43.8801,5.349999999999929,43.87500000000101,"(228, 204)",36.94308090209961,36.64167
5.8822,45.2797,5.849999999999929,45.27500000000113,"(256, 209)",35.33830261230469,34.720448
4.8754,45.526,4.849999999999929,45.52500000000115,"(261, 199)",29.17132568359375,26.174334
-4.4887,48.3975,-4.450000000000037,48.37500000000139,"(318, 106)",34.73917388916016,33.75098
-4.4751,48.4119,-4.450000000000037,48.4250000000014,"(319, 106)",33.947853088378906,32.75451
1.5766,50.6944,1.549999999999942,50.67500000000159,"(364, 166)",35.1013298034668,34.97432
6.1356,45.9169,6.149999999999926,45.925000000001184,"(269, 212)",33.276947021484375,31.145025
5.1811,45.4609,5.149999999999929,45.475000000001145,"(260, 202)",36.15188217163086,35.580288
6.989,44.0947,6.949999999999923,44.075000000001026,"(232, 220)",41.25304412841797,41.672226
4.6158,45.3896,4.649999999999933,45.37500000000114,"(258, 197)",36.71753692626953,36.619816
4.7707,45.3218,4.749999999999931,45.32500000000113,"(257, 198)",34.97005081176758,34.446518
6.4711,45.5358,6.449999999999923,45.52500000000115,"(261, 215)",35.9488639831543,36.03528
6.1183,45.8953,6.149999999999926,45.87500000000118,"(268, 212)",35.72075271606445,34.338573
5.0443,45.0425,5.049999999999931,45.02500000000111,"(251, 201)",33.97554016113281,33.213272
-2.7495,48.5135,-2.7500000000000426,48.525000000001405,"(321, 123)",33.443946838378906,32.28036
5.4612,43.5558,5.44999999999993,43.57500000000098,"(222, 205)",33.88885498046875,33.101555
1.7692,50.9499,1.7499999999999414,50.92500000000161,"(369, 168)",31.32884788513184,31.136051
3.6033,45.8688,3.649999999999933,45.87500000000118,"(268, 187)",36.985130310058594,36.803776
3.3959,50.3228,3.3499999999999357,50.32500000000156,"(357, 184)",28.60434913635254,27.3973
2.3022,51.0245,2.3499999999999392,51.02500000000162,"(371, 174)",26.823150634765625,24.999565
3.2361,50.1725,3.2499999999999343,50.175000000001546,"(354, 183)",29.115869522094727,28.02684
3.9769,50.2794,3.9499999999999336,50.275000000001555,"(356, 190)",30.14105033874512,29.513807
2.4822,49.2764,2.449999999999937,49.27500000000147,"(336, 175)",30.270788192749023,29.282444
4.0503,48.295,4.049999999999931,48.275000000001384,"(316, 191)",30.217241287231445,29.238958
5.2264,46.2117,5.249999999999927,46.22500000000121,"(275, 203)",31.364728927612305,30.222467
4.385,44.6223,4.349999999999932,44.62500000000107,"(243, 194)",37.86104202270508,37.61888
3.85,50.0923,3.8499999999999357,50.07500000000154,"(352, 189)",31.107120513916016,30.86202
3.5518,50.4203,3.549999999999935,50.42500000000157,"(359, 186)",29.309982299804688,28.616314
6.1147,49.3331,6.149999999999926,49.325000000001474,"(337, 212)",26.74960327148437,24.554895
2.8298,45.9293,2.8499999999999357,45.925000000001184,"(269, 179)",37.16074752807617,37.37034
2.251,51.0194,2.2499999999999414,51.02500000000162,"(371, 173)",26.02149772644043,25.348211
7.745,48.5904,7.74999999999992,48.57500000000141,"(322, 228)",23.603071212768555,21.168226
5.3875,49.1678,5.349999999999929,49.17500000000146,"(334, 204)",32.13129425048828,31.895248
4.0311,49.2586,4.049999999999931,49.27500000000147,"(336, 191)",28.241382598876957,26.231821
4.63,49.9078,4.649999999999933,49.925000000001525,"(349, 197)",33.898765563964844,33.831043
2.2598,50.7482,2.2499999999999414,50.72500000000159,"(365, 173)",30.91451644897461,30.292238
5.279,44.5694,5.249999999999927,44.57500000000107,"(242, 203)",37.87354278564453,38.257404
3.2233,49.6131,3.2499999999999343,49.6250000000015,"(343, 183)",30.711610794067383,30.090666
4.9661,48.6458,4.94999999999993,48.625000000001414,"(323, 200)",32.09510040283203,31.278273
2.8011,49.6967,2.8499999999999357,49.6750000000015,"(344, 179)",29.74904060363769,29.255562
-1.2016,48.3475,-1.250000000000048,48.32500000000139,"(317, 138)",32.12173843383789,31.47381
4.0906,49.9206,4.049999999999931,49.925000000001525,"(349, 191)",31.85876846313477,31.451378
3.4279,50.4565,3.449999999999937,50.47500000000157,"(360, 185)",29.071365356445316,28.44636
2.3046,49.9017,2.3499999999999392,49.925000000001525,"(349, 174)",28.89238739013672,27.401455
-1.8363,47.8319,-1.8500000000000458,47.825000000001346,"(307, 132)",31.703113555908203,31.373184
2.839,50.532,2.8499999999999357,50.525000000001576,"(361, 179)",28.2780818939209,26.806797
6.5858,48.0246,6.549999999999924,48.02500000000136,"(311, 216)",35.126953125,34.39433
1.6081,50.7125,1.64999999999994,50.72500000000159,"(365, 167)",32.25828170776367,31.563446
1.6108,50.1294,1.64999999999994,50.12500000000154,"(353, 167)",31.61412811279297,31.352657
3.0766,50.67,3.0499999999999385,50.67500000000159,"(364, 181)",27.835872650146484,26.326435
4.0206,49.2242,4.049999999999931,49.225000000001465,"(335, 191)",28.676944732666016,26.807816
3.284,49.8513,3.2499999999999343,49.87500000000152,"(348, 183)",29.148691177368164,27.989433
2.6357,50.5354,2.64999999999994,50.525000000001576,"(361, 177)",29.110361099243164,27.546331
2.6664,50.4897,2.64999999999994,50.47500000000157,"(360, 177)",29.83970642089844,28.844872
2.1432,50.9811,2.14999999999994,50.975000000001614,"(370, 172)",29.706817626953125,29.051342
4.6736,44.6759,4.649999999999933,44.67500000000108,"(244, 197)",37.98759841918945,38.003185
6.0761,49.3247,6.049999999999924,49.325000000001474,"(337, 211)",31.01404571533203,29.898485
2.9,50.4491,2.949999999999937,50.42500000000157,"(359, 180)",29.52159881591797,27.245047
6.1325,49.2714,6.149999999999926,49.27500000000147,"(336, 212)",28.31344985961914,26.371939
2.8074,50.3089,2.8499999999999357,50.32500000000156,"(357, 179)",28.441869735717773,27.030388
7.7089,48.6088,7.74999999999992,48.625000000001414,"(323, 228)",24.67028045654297,22.55589
4.7192,49.7453,4.749999999999931,49.72500000000151,"(345, 198)",31.966896057128903,31.656153
3.9126,49.1586,3.9499999999999336,49.17500000000146,"(334, 190)",31.701187133789062,31.44575
4.5398,49.891,4.549999999999931,49.87500000000152,"(348, 196)",33.05847930908203,32.828785
4.36,48.9622,4.349999999999932,48.975000000001444,"(330, 194)",28.71605682373047,27.224394
2.8267,50.4368,2.8499999999999357,50.42500000000157,"(359, 179)",29.52159881591797,28.343016
1.9915,50.6105,1.9499999999999407,50.625000000001585,"(363, 170)",32.086463928222656,31.922234
6.1608,49.3686,6.149999999999926,49.37500000000148,"(338, 212)",29.07461929321289,27.792778
3.9559,49.0461,3.9499999999999336,49.02500000000145,"(331, 190)",31.621902465820316,31.237608
3.1591,50.7242,3.1499999999999364,50.72500000000159,"(365, 182)",27.115493774414062,25.521328
3.0296,50.4346,3.0499999999999385,50.42500000000157,"(359, 181)",28.90530586242676,27.81808
2.88,50.6872,2.8499999999999357,50.67500000000159,"(364, 179)",26.46917724609375,24.000448
6.0514,48.8847,6.049999999999924,48.875000000001435,"(328, 211)",31.577512741088867,30.894075
7.3331,48.0654,7.3499999999999215,48.07500000000137,"(312, 224)",29.79615592956543,27.757334
7.3142,48.8573,7.3499999999999215,48.875000000001435,"(328, 224)",33.30016326904297,33.318897
6.9574,49.1954,6.949999999999923,49.17500000000146,"(334, 220)",30.910457611083984,31.011261
6.2072,49.1311,6.249999999999927,49.12500000000146,"(333, 213)",29.681241989135746,28.762537
6.4839,48.5848,6.449999999999923,48.57500000000141,"(322, 215)",31.131614685058597,30.291798
4.5948,48.7266,4.549999999999931,48.72500000000142,"(325, 196)",29.17387008666992,28.332325
4.0769,48.3017,4.049999999999931,48.32500000000139,"(317, 191)",30.842565536499023,30.025894
2.0944,49.4389,2.0499999999999385,49.42500000000148,"(339, 171)",30.228958129882812,28.846663
3.0903,50.6281,3.0499999999999385,50.625000000001585,"(363, 181)",25.213817596435547,21.943626
6.1812,49.1251,6.149999999999926,49.12500000000146,"(333, 212)",29.04119300842285,27.04025
7.3091,47.7374,7.3499999999999215,47.72500000000134,"(305, 224)",28.78809356689453,27.763597
2.2825,49.8772,2.2499999999999414,49.87500000000152,"(348, 173)",28.87394523620605,27.131575
3.2814,49.8428,3.2499999999999343,49.825000000001516,"(347, 183)",29.48292732238769,28.332767
3.1711,46.9968,3.1499999999999364,46.97500000000127,"(290, 182)",31.81513786315918,31.330212
5.1628,48.7759,5.149999999999929,48.77500000000143,"(326, 202)",32.79239273071289,32.292454
4.8473,46.7823,4.849999999999929,46.775000000001256,"(286, 199)",28.75798225402832,26.931742
6.9258,49.2204,6.949999999999923,49.225000000001465,"(335, 220)",29.490074157714844,30.962374
6.7317,49.1584,6.749999999999924,49.17500000000146,"(334, 218)",32.05311965942383,32.351204
-2.7583,47.657,-2.7500000000000426,47.67500000000133,"(304, 123)",33.19261932373047,31.965618
2.2147,50.996,2.2499999999999414,50.975000000001614,"(370, 173)",29.487451553344727,28.842224
6.2127,49.1688,6.249999999999927,49.17500000000146,"(334, 213)",30.33182144165039,29.882751
6.0154,47.2474,6.049999999999924,47.225000000001295,"(295, 211)",32.367523193359375,30.49508
3.3394,50.3664,3.3499999999999357,50.37500000000156,"(358, 184)",29.23765563964844,28.60594
6.873,48.072,6.8499999999999215,48.07500000000137,"(312, 219)",37.622928619384766,37.277687
6.4528,48.1727,6.449999999999923,48.175000000001376,"(314, 215)",32.36867141723633,30.919312
7.5387,47.8202,7.549999999999921,47.825000000001346,"(307, 226)",25.560890197753903,25.775652
6.8259,47.2946,6.8499999999999215,47.2750000000013,"(296, 219)",35.6417236328125,34.540936
7.1298,48.493,7.149999999999922,48.4750000000014,"(320, 222)",37.35105514526367,37.438858
5.5566,46.6713,5.549999999999928,46.67500000000125,"(284, 206)",33.37028884887695,32.393723
6.1836,47.2458,6.149999999999926,47.225000000001295,"(295, 212)",34.44211959838867,34.14201
3.307,49.863,3.3499999999999357,49.87500000000152,"(348, 184)",30.02986717224121,29.549885
13.0602,52.4014,13.049999999999903,52.42500000000174,"(399, 281)",29.382781982421875,31.047745
8.1585,48.9194,8.149999999999919,48.92500000000144,"(329, 232)",27.4487361907959,27.797308
14.2851,53.0643,14.249999999999899,53.07500000000179,"(412, 293)",27.61574363708496,29.750996
7.0835,49.1183,7.049999999999924,49.12500000000146,"(333, 221)",31.105409622192383,31.04397
14.6382,52.1463,14.649999999999897,52.12500000000171,"(393, 297)",30.661779403686523,31.365818
2.3538,51.0521,2.3499999999999392,51.07500000000162,"(372, 174)",33.32213592529297,32.995625
6.0583,48.915,6.049999999999924,48.92500000000144,"(329, 211)",31.839487075805664,31.501972
14.328,51.7566,14.349999999999897,51.77500000000168,"(386, 294)",31.43144798278809,32.462566
14.5386,52.3373,14.549999999999896,52.32500000000173,"(397, 296)",29.60732650756836,30.99227
6.1904,48.6882,6.149999999999926,48.67500000000142,"(324, 212)",30.458789825439453,28.87211
7.5682,47.5949,7.549999999999921,47.575000000001324,"(302, 226)",24.460790634155277,23.473547
2.3663,50.9959,2.3499999999999392,50.975000000001614,"(370, 174)",30.482824325561523,29.976059
12.5486,52.4094,12.549999999999903,52.42500000000174,"(399, 276)",30.3352108001709,31.567284
14.0152,52.5639,14.049999999999896,52.57500000000175,"(402, 291)",30.22056579589844,31.10655
3.5762,47.8006,3.549999999999935,47.825000000001346,"(307, 186)",31.29390335083008,30.757404
7.3473,47.7574,7.3499999999999215,47.77500000000134,"(306, 224)",26.50327682495117,24.172224
4.8248,49.7363,4.849999999999929,49.72500000000151,"(345, 199)",32.2569694519043,32.16912
13.0375,52.3939,13.049999999999903,52.375000000001734,"(398, 281)",29.75765419006348,31.566736
5.0659,47.3074,5.049999999999931,47.3250000000013,"(297, 201)",29.839879989624023,27.722265
6.9653,48.6947,6.949999999999923,48.67500000000142,"(324, 220)",30.76087188720703,30.17172
14.3345,51.7468,14.349999999999897,51.72500000000168,"(385, 294)",31.63677024841309,32.517094
5.7856,49.0658,5.749999999999927,49.07500000000145,"(332, 208)",31.38196563720703,31.339134
4.0995,47.2748,4.049999999999931,47.2750000000013,"(296, 191)",36.84711837768555,37.01424
6.1949,48.6215,6.149999999999926,48.625000000001414,"(323, 212)",31.490148544311523,30.401354
12.7342,52.69,12.749999999999902,52.67500000000176,"(404, 278)",30.14174461364746,30.824612
12.5614,52.1942,12.549999999999903,52.17500000000172,"(394, 276)",31.62467193603516,32.27475
12.807,52.9038,12.8499999999999,52.92500000000178,"(409, 279)",30.36771583557129,31.126873
3.116,50.5886,3.1499999999999364,50.57500000000158,"(362, 182)",27.938480377197266,26.502632
11.7385,52.9988,11.749999999999906,52.975000000001785,"(410, 268)",30.03255271911621,30.809519
3.0495,50.5977,3.0499999999999385,50.57500000000158,"(362, 181)",27.333045959472656,25.557747
6.8593,47.6407,6.8499999999999215,47.62500000000133,"(303, 219)",30.749061584472656,28.471838
7.6878,48.5157,7.649999999999919,48.525000000001405,"(321, 227)",25.91889190673828,24.510246
13.5268,51.4627,13.5499999999999,51.47500000000166,"(380, 286)",30.645057678222656,31.497242
14.3764,51.5645,14.349999999999897,51.575000000001666,"(382, 294)",32.11542510986328,32.85472
3.2773,48.2004,3.2499999999999343,48.22500000000138,"(315, 183)",31.242490768432617,30.79642
6.3048,48.6333,6.349999999999925,48.625000000001414,"(323, 214)",29.98381805419922,29.180296
12.8853,52.6085,12.8499999999999,52.625000000001755,"(403, 279)",30.118606567382812,31.060799
7.797,48.8154,7.74999999999992,48.82500000000143,"(327, 228)",29.18941307067871,28.20366
6.1296,48.5654,6.149999999999926,48.57500000000141,"(322, 212)",32.22468566894531,31.421026
6.1576,47.62,6.149999999999926,47.62500000000133,"(303, 212)",30.154436111450195,28.234592
13.5823,52.6777,13.5499999999999,52.67500000000176,"(404, 286)",29.77861595153809,31.235905
2.8673,50.4965,2.8499999999999357,50.47500000000157,"(360, 179)",29.155153274536133,28.229944
13.4243,52.3497,13.449999999999902,52.32500000000173,"(397, 285)",28.7197380065918,30.308039
6.2014,49.3944,6.249999999999927,49.37500000000148,"(338, 213)",29.77845573425293,29.249771
4.1172,48.2992,4.149999999999933,48.275000000001384,"(316, 192)",30.34667587280273,29.960297
4.84,46.3162,4.849999999999929,46.32500000000122,"(277, 199)",30.12597274780273,28.822155
7.0111,48.0511,7.049999999999924,48.07500000000137,"(312, 221)",38.29704284667969,38.18887
4.4175,46.8024,4.44999999999993,46.82500000000126,"(287, 195)",33.996803283691406,33.50879
13.8222,52.8325,13.8499999999999,52.82500000000177,"(407, 289)",31.458637237548828,32.252117
5.4009,47.0426,5.44999999999993,47.02500000000128,"(291, 205)",30.30769729614257,29.70455
4.3669,46.6788,4.349999999999932,46.67500000000125,"(284, 194)",31.99755859375,30.948107
5.4964,47.0967,5.44999999999993,47.07500000000128,"(292, 205)",30.799287796020508,29.779373
7.1228,47.8022,7.149999999999922,47.825000000001346,"(307, 222)",33.06559753417969,30.666018
6.0519,47.2973,6.049999999999924,47.2750000000013,"(296, 211)",32.495361328125,31.274038
5.7491,47.9542,5.749999999999927,47.97500000000136,"(310, 208)",33.088253021240234,32.910686
4.8351,46.8211,4.849999999999929,46.82500000000126,"(287, 199)",28.850194931030277,27.2101
4.0696,49.3492,4.049999999999931,49.325000000001474,"(337, 191)",30.0153865814209,29.366274
14.0569,51.8975,14.049999999999896,51.87500000000169,"(388, 291)",31.3715877532959,31.94065
6.8684,47.5382,6.8499999999999215,47.52500000000132,"(301, 219)",30.11199760437012,28.66396
6.794,47.5103,6.749999999999924,47.52500000000132,"(301, 218)",30.37511444091797,28.675896
9.979,48.3968,9.949999999999912,48.37500000000139,"(318, 250)",30.147029876708984,32.107525
7.8023,48.5782,7.8499999999999215,48.57500000000141,"(322, 229)",26.239484786987305,28.188505
13.333,52.5066,13.3499999999999,52.52500000000175,"(401, 284)",25.73036766052246,29.371506
13.3877,52.4381,13.3499999999999,52.42500000000174,"(399, 284)",28.041093826293945,30.757591
7.6333,47.5882,7.649999999999919,47.575000000001324,"(302, 227)",26.86951446533203,27.969896
13.1237,52.4842,13.1499999999999,52.47500000000174,"(400, 282)",29.92725372314453,31.471102
9.4145,48.7087,9.449999999999916,48.72500000000142,"(325, 245)",30.312559127807617,32.36512
8.4067,49.0765,8.449999999999916,49.07500000000145,"(332, 235)",27.51774406433105,29.833591
13.2961,52.6533,13.249999999999899,52.67500000000176,"(404, 283)",29.25629615783691,30.878647
10.0963,48.8479,10.04999999999991,48.82500000000143,"(327, 251)",32.26124954223633,34.347946
13.8483,52.4819,13.8499999999999,52.47500000000174,"(400, 289)",27.714231491088867,30.080591
8.6767,49.4195,8.649999999999919,49.42500000000148,"(339, 237)",28.511369705200195,30.85189
5.5561,47.1473,5.549999999999928,47.125000000001286,"(293, 206)",30.934717178344727,30.429024
7.7645,47.8099,7.74999999999992,47.825000000001346,"(307, 228)",37.13539505004883,37.487194
12.3702,52.524,12.349999999999904,52.52500000000175,"(401, 274)",30.55630683898925,31.3158
8.6655,48.889,8.649999999999919,48.875000000001435,"(328, 237)",33.2394905090332,34.568066
13.4417,52.4675,13.449999999999902,52.47500000000174,"(400, 285)",27.634706497192383,30.371082
5.9372,48.1936,5.9499999999999265,48.175000000001376,"(314, 210)",32.21060562133789,31.873224
4.9506,47.1372,4.94999999999993,47.125000000001286,"(293, 200)",31.98831558227539,30.891684
8.4636,48.0487,8.449999999999916,48.02500000000136,"(311, 235)",35.02190017700195,35.754757
13.4699,52.5141,13.449999999999902,52.52500000000175,"(401, 285)",25.701831817626957,29.420948
13.3488,52.4858,13.3499999999999,52.47500000000174,"(400, 284)",25.0876522064209,29.101664
13.2251,52.4732,13.249999999999899,52.47500000000174,"(400, 283)",28.95071601867676,31.109182
9.8003,48.0899,9.849999999999914,48.07500000000137,"(312, 249)",31.34700584411621,32.300488
13.3681,52.3984,13.3499999999999,52.375000000001734,"(398, 284)",29.059423446655277,30.688787
9.4857,47.6601,9.449999999999916,47.67500000000133,"(304, 245)",30.35308074951172,31.644001
9.2248,49.1655,9.249999999999913,49.17500000000146,"(334, 243)",27.88177299499512,30.314358
13.4831,52.6442,13.449999999999902,52.625000000001755,"(403, 285)",28.450416564941406,30.213863
13.6471,52.4477,13.649999999999897,52.42500000000174,"(399, 287)",30.841516494750977,32.29181
9.1728,48.8992,9.149999999999915,48.875000000001435,"(328, 242)",27.01571655273437,29.794168
8.3872,49.008,8.349999999999918,49.02500000000145,"(331, 234)",26.001340866088867,28.839851
8.4653,49.5441,8.449999999999916,49.52500000000149,"(341, 235)",23.811033248901367,27.536371
9.2073,48.4889,9.249999999999913,48.4750000000014,"(320, 243)",34.139766693115234,35.55141
9.2297,48.8088,9.249999999999913,48.82500000000143,"(327, 243)",26.26317405700684,29.301601
8.7001,49.3007,8.749999999999917,49.325000000001474,"(337, 238)",30.49180603027344,31.924149
9.1693,47.6644,9.149999999999915,47.67500000000133,"(304, 242)",29.53374290466309,30.712711
9.1807,48.7831,9.149999999999915,48.77500000000143,"(326, 242)",26.77797508239746,30.26589
9.0512,48.5077,9.049999999999917,48.525000000001405,"(321, 241)",30.65413475036621,32.468826
9.2052,48.9593,9.249999999999913,48.975000000001444,"(330, 243)",28.165754318237305,30.29991
11.5649,48.1373,11.549999999999907,48.12500000000137,"(313, 266)",25.857336044311523,29.855846
9.1715,49.8694,9.149999999999915,49.87500000000152,"(348, 242)",30.991518020629883,32.233284
12.1594,49.679,12.149999999999904,49.6750000000015,"(344, 272)",31.84379196166992,33.028954
9.118,49.9915,9.149999999999915,49.97500000000153,"(350, 242)",29.51827049255371,31.82016
9.2076,48.3458,9.249999999999913,48.32500000000139,"(317, 243)",36.04179000854492,36.686153
13.5295,52.4853,13.5499999999999,52.47500000000174,"(400, 286)",28.743879318237305,30.928381
11.5547,48.1545,11.549999999999907,48.175000000001376,"(314, 266)",26.50050163269043,30.03417
7.855,48.0134,7.8499999999999215,48.02500000000136,"(311, 229)",31.693777084350582,33.908195
7.8599,47.9882,7.8499999999999215,47.97500000000136,"(310, 229)",33.30625915527344,35.09579
10.895,48.3646,10.849999999999907,48.37500000000139,"(318, 259)",30.177345275878903,32.118607
9.2294,48.6775,9.249999999999913,48.67500000000142,"(324, 243)",24.317174911499023,28.405397
9.0814,48.9029,9.049999999999917,48.92500000000144,"(329, 241)",29.563692092895508,31.356203
8.577,49.0276,8.549999999999917,49.02500000000145,"(331, 236)",29.33587646484375,31.287117
11.7863,49.488,11.749999999999906,49.47500000000149,"(340, 268)",32.36375045776367,33.34257
10.9031,48.326,10.949999999999909,48.32500000000139,"(317, 260)",31.5004825592041,32.854336
10.8877,49.8983,10.849999999999907,49.87500000000152,"(348, 259)",30.946495056152344,32.003704
9.0165,48.801,9.049999999999917,48.82500000000143,"(327, 241)",28.48821449279785,31.038942
9.2259,49.146,9.249999999999913,49.12500000000146,"(333, 243)",29.529390335083008,31.349855
11.0884,49.4459,11.04999999999991,49.42500000000148,"(339, 261)",28.02288818359375,30.818264
12.8293,48.1772,12.8499999999999,48.175000000001376,"(314, 279)",27.0255126953125,28.746128
8.3906,48.2291,8.349999999999918,48.22500000000138,"(315, 234)",34.41157913208008,35.894398
12.7814,48.1828,12.749999999999902,48.175000000001376,"(314, 278)",30.54241752624512,31.594858
8.2202,48.7731,8.24999999999992,48.77500000000143,"(326, 233)",34.537654876708984,35.42305
8.472,49.4926,8.449999999999916,49.47500000000149,"(340, 235)",23.707521438598636,27.53111
11.0248,49.4622,11.04999999999991,49.47500000000149,"(340, 261)",27.52194595336914,30.408365
9.964,48.8228,9.949999999999912,48.82500000000143,"(327, 250)",32.00553512573242,33.72841
9.6579,49.6348,9.649999999999912,49.6250000000015,"(343, 247)",31.365737915039062,32.556618
9.7332,49.1079,9.749999999999913,49.12500000000146,"(333, 248)",31.58270263671875,32.985687
9.437,48.945,9.449999999999916,48.92500000000144,"(329, 245)",30.621803283691406,32.38919
8.9044,48.6456,8.949999999999916,48.625000000001414,"(323, 240)",30.249473571777344,32.212658
11.4288,48.7694,11.449999999999909,48.77500000000143,"(326, 265)",26.921106338500977,29.94436
10.2321,50.0484,10.249999999999913,50.02500000000153,"(351, 253)",29.289594650268555,31.242083
11.8975,50.3206,11.849999999999907,50.32500000000156,"(357, 269)",33.445838928222656,34.45067
8.9794,48.5264,8.949999999999916,48.525000000001405,"(321, 240)",30.182275772094727,31.491047
8.8443,48.9467,8.849999999999914,48.92500000000144,"(329, 239)",31.24165916442871,32.919685
12.5489,49.4385,12.549999999999903,49.42500000000148,"(339, 276)",33.969783782958984,34.351513
10.5723,49.3049,10.54999999999991,49.325000000001474,"(337, 256)",32.2381706237793,33.392624
8.8691,48.5948,8.849999999999914,48.57500000000141,"(322, 239)",29.60719108581543,31.630133
10.3066,47.7251,10.34999999999991,47.72500000000134,"(305, 254)",34.334835052490234,35.794476
11.8792,48.9095,11.849999999999907,48.92500000000144,"(329, 269)",31.69213485717773,32.825153
9.9564,49.8047,9.949999999999912,49.825000000001516,"(347, 250)",30.13082504272461,31.77419
9.6889,47.5575,9.649999999999912,47.575000000001324,"(302, 247)",29.54726791381836,30.443832
12.5382,48.0217,12.549999999999903,48.02500000000136,"(311, 276)",31.08240509033203,32.16215
9.2043,48.938,9.249999999999913,48.92500000000144,"(329, 243)",28.18783950805664,30.216429
11.9488,48.9042,11.949999999999905,48.92500000000144,"(329, 270)",30.490259170532227,31.825336
9.3787,48.6727,9.349999999999914,48.67500000000142,"(324, 244)",28.630050659179688,31.267643
9.3145,48.7416,9.349999999999914,48.72500000000142,"(325, 244)",28.42172622680664,30.995972
12.1571,48.5398,12.149999999999904,48.525000000001405,"(321, 272)",30.06566047668457,31.789865
10.0083,48.3971,10.04999999999991,48.37500000000139,"(318, 251)",29.19110679626465,31.005732
12.1016,49.0152,12.149999999999904,49.02500000000145,"(331, 272)",28.89335250854492,31.109198
11.4426,50.1031,11.449999999999909,50.12500000000154,"(353, 265)",32.090457916259766,33.01285
11.5701,49.9436,11.549999999999907,49.925000000001525,"(349, 266)",32.12042999267578,33.306076
10.9593,50.2606,10.949999999999909,50.275000000001555,"(356, 260)",31.169824600219727,32.351986
11.0623,47.4832,11.04999999999991,47.475000000001316,"(300, 261)",36.26248550415039,36.854694
8.8158,53.0772,8.849999999999914,53.07500000000179,"(412, 239)",27.7879581451416,30.230646
10.1507,48.6794,10.149999999999912,48.67500000000142,"(324, 252)",33.916751861572266,35.430332
8.5694,53.5625,8.549999999999917,53.575000000001836,"(422, 236)",20.81547737121582,21.469818
8.6951,53.1177,8.649999999999919,53.1250000000018,"(413, 237)",26.709436416625977,29.32873
12.1883,47.6485,12.149999999999904,47.62500000000133,"(303, 272)",31.23474502563477,31.416077
8.7463,50.1253,8.749999999999917,50.12500000000154,"(353, 238)",25.545244216918945,28.872984
9.244,49.0551,9.249999999999913,49.07500000000145,"(332, 243)",28.507957458496097,30.56442
11.6383,48.7671,11.649999999999904,48.77500000000143,"(326, 267)",28.09939384460449,30.276327
9.9477,49.7905,9.949999999999912,49.77500000000151,"(346, 250)",29.173662185668945,31.479725
11.2202,47.9688,11.249999999999906,47.97500000000136,"(310, 263)",31.76435279846191,32.540424
12.1887,50.0582,12.149999999999904,50.07500000000154,"(352, 272)",33.13493347167969,33.870274
12.1281,49.322,12.149999999999904,49.325000000001474,"(337, 272)",30.90338706970215,32.069283
10.9847,49.4722,10.949999999999909,49.47500000000149,"(340, 260)",30.069047927856445,31.801805
8.6646,49.8723,8.649999999999919,49.87500000000152,"(348, 237)",27.62716293334961,30.655052
8.917,53.06,8.949999999999916,53.07500000000179,"(412, 240)",28.232851028442383,30.274004
11.7216,50.3232,11.749999999999906,50.32500000000156,"(357, 268)",34.05801010131836,34.87775
11.7778,48.8532,11.749999999999906,48.875000000001435,"(328, 268)",30.50032615661621,31.585016
9.1673,48.69,9.149999999999915,48.67500000000142,"(324, 242)",29.25388526916504,31.389717
9.4834,51.3142,9.449999999999916,51.325000000001644,"(377, 245)",30.14162254333496,32.131466
8.7693,50.8043,8.749999999999917,50.8250000000016,"(367, 238)",30.684711456298828,32.099205
8.7351,53.1317,8.749999999999917,53.1250000000018,"(413, 238)",27.31997871398925,29.916653
8.245,50.0503,8.24999999999992,50.07500000000154,"(352, 233)",29.00774955749512,31.830652
8.6255,53.1809,8.649999999999919,53.1750000000018,"(414, 237)",27.62397575378418,30.051937
9.184,48.9605,9.149999999999915,48.975000000001444,"(330, 242)",28.26342010498047,30.255125
9.7746,51.2918,9.749999999999913,51.27500000000164,"(376, 248)",33.101829528808594,34.019566
8.5425,50.1018,8.549999999999917,50.12500000000154,"(353, 236)",27.254867553710938,30.035097
8.4515,50.0103,8.449999999999916,50.02500000000153,"(351, 235)",25.30483055114746,28.604364
9.3994,50.1644,9.349999999999914,50.175000000001546,"(354, 244)",33.09016418457031,33.90216
8.8173,49.6535,8.849999999999914,49.6750000000015,"(344, 239)",33.23578643798828,34.227287
9.8003,50.97,9.849999999999914,50.975000000001614,"(370, 249)",31.245195388793945,32.27324
11.4644,48.1817,11.449999999999909,48.175000000001376,"(314, 265)",28.417638778686523,31.178843
10.4366,47.5411,10.449999999999909,47.52500000000132,"(301, 255)",40.16265869140625,40.19169
9.7958,48.8024,9.749999999999913,48.82500000000143,"(327, 248)",31.973562240600582,33.416775
9.4594,50.7704,9.449999999999916,50.7750000000016,"(366, 245)",31.37376594543457,32.76578
8.9216,50.1358,8.949999999999916,50.12500000000154,"(353, 240)",28.0822696685791,30.574995
13.1289,48.9724,13.1499999999999,48.975000000001444,"(330, 282)",35.21339797973633,35.920235
10.5977,48.9522,10.54999999999991,48.975000000001444,"(330, 256)",31.849916458129883,32.787117
11.648,48.1732,11.649999999999904,48.175000000001376,"(314, 267)",28.359521865844727,31.064768
9.798,48.6367,9.749999999999913,48.625000000001414,"(323, 248)",35.30012130737305,36.30515
11.0279,49.3227,11.04999999999991,49.325000000001474,"(337, 261)",29.564651489257812,31.535835
8.6844,50.533,8.649999999999919,50.525000000001576,"(361, 237)",29.375513076782227,31.21989
10.9635,49.6059,10.949999999999909,49.6250000000015,"(343, 260)",30.336444854736328,31.78893
8.4461,50.2219,8.449999999999916,50.22500000000155,"(355, 235)",32.49340057373047,34.015274
8.6034,50.0955,8.649999999999919,50.07500000000154,"(352, 237)",25.26955223083496,28.851868
13.422,48.5736,13.449999999999902,48.57500000000141,"(322, 285)",27.81062889099121,29.715765
9.2712,51.3608,9.249999999999913,51.37500000000165,"(378, 243)",31.1726131439209,32.373535
8.5168,49.8252,8.549999999999917,49.825000000001516,"(347, 236)",27.584562301635746,29.7276
8.5006,50.5672,8.549999999999917,50.57500000000158,"(362, 236)",29.16690254211425,31.258635
9.9359,50.4977,9.949999999999912,50.47500000000157,"(360, 250)",35.55118942260742,36.17295
8.061,50.3832,8.049999999999917,50.37500000000156,"(358, 231)",28.95372200012207,31.028103
9.0318,51.1548,9.049999999999917,51.17500000000163,"(374, 241)",32.4104118347168,33.30639
8.6836,50.1108,8.649999999999919,50.12500000000154,"(353, 237)",25.21904754638672,28.729958
12.8912,47.7334,12.8499999999999,47.72500000000134,"(305, 279)",26.95543098449707,30.87726
9.6849,50.55,9.649999999999912,50.525000000001576,"(361, 247)",30.31862449645996,31.928274
9.9679,53.5641,9.949999999999912,53.575000000001836,"(422, 250)",21.68902587890625,24.38182
8.4951,50.5779,8.449999999999916,50.57500000000158,"(362, 235)",29.295392990112305,31.421307
9.7862,53.5681,9.749999999999913,53.575000000001836,"(422, 248)",25.06306266784668,26.101389
9.002,49.6725,9.049999999999917,49.6750000000015,"(344, 241)",32.96855163574219,33.91505
9.5136,51.3166,9.549999999999914,51.325000000001644,"(377, 246)",29.278038024902344,31.637836
10.0212,53.5233,10.04999999999991,53.52500000000183,"(421, 251)",21.803205490112305,24.279913
9.9906,53.5079,9.949999999999912,53.52500000000183,"(421, 250)",8.517425537109375,9.2913065
10.325,49.4441,10.34999999999991,49.42500000000148,"(339, 254)",33.37266159057617,34.177944
8.6686,50.5841,8.649999999999919,50.57500000000158,"(362, 237)",28.04770851135254,30.41047
8.9282,51.4309,8.949999999999916,51.42500000000165,"(379, 240)",31.933765411376957,32.88428
8.8322,49.8278,8.849999999999914,49.825000000001516,"(347, 239)",31.713180541992188,32.908638
9.8572,53.4809,9.849999999999914,53.47500000000183,"(420, 249)",27.961883544921875,29.279661
10.0836,53.4877,10.04999999999991,53.47500000000183,"(420, 251)",24.66265296936035,26.815243
9.8327,53.5321,9.849999999999914,53.52500000000183,"(421, 249)",6.764449119567871,7.234181
8.642,49.6432,8.649999999999919,49.6250000000015,"(343, 237)",31.30996322631836,32.90945
8.5378,50.0946,8.549999999999917,50.07500000000154,"(352, 236)",25.96377944946289,29.22521
12.0647,53.8178,12.049999999999903,53.82500000000186,"(427, 271)",30.783388137817383,31.410221
10.0539,53.5923,10.04999999999991,53.575000000001836,"(422, 251)",23.303470611572266,26.49358
8.2415,50.0482,8.24999999999992,50.02500000000153,"(351, 233)",27.73635482788086,30.887232
9.998,53.6383,9.949999999999912,53.62500000000184,"(423, 250)",23.08963203430176,26.49589
10.1028,53.5385,10.149999999999912,53.52500000000183,"(421, 252)",25.74749565124512,27.719053
13.2664,53.5598,13.249999999999899,53.575000000001836,"(422, 283)",30.70829963684082,31.621473
8.4244,49.9956,8.449999999999916,49.97500000000153,"(350, 235)",24.79806137084961,28.12821
14.2574,53.5205,14.249999999999899,53.52500000000183,"(421, 293)",30.67220687866211,31.186586
10.1106,53.6307,10.149999999999912,53.62500000000184,"(423, 252)",26.89615249633789,28.903671
12.1741,54.1616,12.149999999999904,54.17500000000189,"(434, 272)",29.898012161254883,30.583921
12.0996,54.0926,12.049999999999903,54.07500000000188,"(432, 271)",30.3370304107666,31.159718
11.3983,53.6318,11.349999999999907,53.62500000000184,"(423, 264)",31.045190811157227,31.972557
12.1755,53.7818,12.149999999999904,53.77500000000185,"(426, 272)",30.367414474487305,31.065327
12.142,54.0923,12.149999999999904,54.07500000000188,"(432, 272)",29.76241111755371,31.027819
11.3733,53.3074,11.349999999999907,53.325000000001815,"(417, 264)",29.954927444458008,30.754702
12.08,54.1713,12.049999999999903,54.17500000000189,"(434, 271)",28.310646057128903,28.922173
13.081,54.3192,13.049999999999903,54.3250000000019,"(437, 281)",31.352617263793945,31.991138
10.4813,51.9016,10.449999999999909,51.925000000001695,"(389, 255)",33.18942642211914,34.255802
8.6231,49.6827,8.649999999999919,49.6750000000015,"(344, 237)",31.28148078918457,32.847965
10.4736,52.2269,10.449999999999909,52.22500000000172,"(395, 255)",28.144758224487305,29.957037
8.0906,53.5962,8.049999999999917,53.575000000001836,"(422, 231)",31.06081771850586,31.85122
8.0529,52.2553,8.049999999999917,52.275000000001725,"(396, 231)",28.4992618560791,30.70133
13.3421,54.3235,13.3499999999999,54.3250000000019,"(437, 284)",31.3831787109375,31.835295
7.3175,52.4986,7.3499999999999215,52.47500000000174,"(400, 224)",28.39205551147461,29.498186
10.8164,52.4408,10.849999999999907,52.42500000000174,"(399, 259)",29.390670776367188,31.051336
10.2385,51.5076,10.249999999999913,51.52500000000166,"(381, 253)",30.76265525817871,31.814907
9.7155,52.3595,9.749999999999913,52.375000000001734,"(398, 248)",28.079164505004883,30.549694
7.214,53.7153,7.24999999999992,53.72500000000185,"(425, 223)",36.35307693481445,36.58542
7.2073,53.3623,7.24999999999992,53.37500000000182,"(418, 223)",30.047515869140625,30.610706
10.6125,51.7582,10.649999999999912,51.77500000000168,"(386, 257)",35.63193130493164,36.148304
10.4228,51.6137,10.449999999999909,51.62500000000167,"(383, 255)",33.891075134277344,34.857666
8.8012,53.8302,8.849999999999914,53.82500000000186,"(427, 239)",27.28997611999512,27.75838
7.5698,51.5922,7.549999999999921,51.575000000001666,"(382, 226)",27.65643882751465,30.215889
9.9283,51.5302,9.949999999999912,51.52500000000166,"(381, 250)",30.5014705657959,32.236137
10.5406,52.2667,10.54999999999991,52.275000000001725,"(396, 256)",28.954450607299805,31.11817
9.5546,51.7088,9.549999999999914,51.72500000000168,"(385, 246)",32.70655059814453,33.653435
11.1671,52.957,11.149999999999908,52.975000000001785,"(410, 262)",29.627779006958008,30.448055
9.9498,51.5511,9.949999999999912,51.575000000001666,"(382, 250)",30.31946182250977,31.929081
9.367,52.104,9.349999999999914,52.12500000000171,"(393, 244)",31.17305374145508,32.514328
8.2121,53.1428,8.24999999999992,53.1250000000018,"(413, 233)",27.89103507995605,29.481915
9.0626,52.1702,9.049999999999917,52.17500000000172,"(394, 241)",30.29776954650879,31.71166
7.9426,52.998,7.949999999999919,52.975000000001785,"(410, 230)",29.41140937805176,30.07823
7.4574,51.5369,7.449999999999923,51.52500000000166,"(381, 225)",27.2026309967041,30.39678
10.4565,53.247,10.449999999999909,53.225000000001806,"(415, 255)",29.049034118652344,30.46313
9.623,52.8294,9.649999999999912,52.82500000000177,"(407, 247)",29.5048770904541,30.713053
9.719,52.3476,9.749999999999913,52.32500000000173,"(397, 248)",28.81580924987793,30.662176
9.9502,52.1508,9.949999999999912,52.17500000000172,"(394, 250)",29.18228912353516,31.124628
10.4559,52.1537,10.449999999999909,52.17500000000172,"(394, 255)",24.58169174194336,28.350767
7.3314,51.6414,7.3499999999999215,51.62500000000167,"(383, 224)",27.27650260925293,29.75141
13.7793,54.0532,13.749999999999899,54.07500000000188,"(432, 288)",32.04449844360352,32.53785
8.4999,53.5092,8.449999999999916,53.52500000000183,"(421, 235)",30.64570426940918,31.394974
6.7484,51.524,6.749999999999924,51.52500000000166,"(381, 218)",18.26365089416504,24.159443
10.7937,52.4279,10.74999999999991,52.42500000000174,"(399, 258)",28.0042724609375,30.563648
12.4639,53.3963,12.449999999999902,53.37500000000182,"(418, 275)",30.44403076171875,31.118063
8.1919,50.9303,8.149999999999919,50.92500000000161,"(369, 232)",33.31465530395508,34.353012
6.9769,51.526,6.949999999999923,51.52500000000166,"(381, 220)",21.58932876586914,26.749666
7.0305,51.4512,7.049999999999924,51.47500000000166,"(380, 221)",25.411575317382812,29.334118
6.1958,51.3269,6.149999999999926,51.325000000001644,"(377, 212)",27.04851531982422,27.946999
6.4693,50.8835,6.449999999999923,50.875000000001606,"(368, 215)",29.1947021484375,30.69144
6.8846,51.0193,6.8499999999999215,51.02500000000162,"(371, 219)",24.38931465148925,27.524973
6.8745,51.862,6.8499999999999215,51.87500000000169,"(388, 219)",28.462570190429688,29.688068
6.281,50.6532,6.249999999999927,50.67500000000159,"(364, 213)",33.676979064941406,34.358353
6.763,51.3853,6.749999999999924,51.37500000000165,"(378, 218)",22.00034713745117,26.916248
9.685,53.5242,9.649999999999912,53.52500000000183,"(421, 247)",27.037153244018555,28.150396
6.9851,50.8899,6.949999999999923,50.875000000001606,"(368, 220)",23.801990509033203,27.690084
7.005,51.0289,7.049999999999924,51.02500000000162,"(371, 221)",25.03655242919922,28.907497
7.0526,51.1838,7.049999999999924,51.17500000000163,"(374, 221)",27.8121337890625,30.880512
8.5484,52.0232,8.549999999999917,52.025000000001704,"(391, 236)",28.82822799682617,31.203552
8.148,51.5707,8.149999999999919,51.575000000001666,"(382, 232)",29.113168716430664,30.937023
6.6702,51.3426,6.649999999999926,51.325000000001644,"(377, 217)",25.235107421875,28.270903
7.1019,51.5336,7.149999999999922,51.52500000000166,"(381, 222)",25.63969993591309,29.384459
6.8738,50.8762,6.8499999999999215,50.875000000001606,"(368, 219)",26.041358947753903,28.950851
6.7825,51.2132,6.749999999999924,51.225000000001636,"(375, 218)",22.207338333129883,26.963535
7.6116,51.9365,7.649999999999919,51.925000000001695,"(389, 227)",27.92328834533691,30.112946
6.5574,51.3076,6.549999999999924,51.325000000001644,"(377, 216)",26.15484619140625,28.775192
6.981,51.4965,6.949999999999923,51.47500000000166,"(380, 220)",24.795488357543945,28.838673
6.41,51.1824,6.449999999999923,51.17500000000163,"(374, 215)",27.64508819580078,29.84793
7.182,51.178,7.149999999999922,51.17500000000163,"(374, 222)",29.45084571838379,32.064354
7.2086,51.403,7.24999999999992,51.42500000000165,"(379, 223)",28.457199096679688,30.895086
6.6925,51.194,6.649999999999926,51.17500000000163,"(374, 217)",25.90715980529785,28.442154
7.0971,50.7226,7.049999999999924,50.72500000000159,"(365, 221)",27.70785522460937,30.312634
6.8651,51.4535,6.8499999999999215,51.47500000000166,"(380, 219)",23.93364906311035,28.189482
6.0938,50.7547,6.049999999999924,50.7750000000016,"(366, 211)",30.636394500732425,31.989145
7.2954,51.5751,7.24999999999992,51.575000000001666,"(382, 223)",26.329803466796875,29.484747
7.4636,51.3628,7.449999999999923,51.37500000000165,"(378, 225)",28.686098098754883,31.635103
7.1474,51.2607,7.149999999999922,51.27500000000164,"(376, 222)",28.619361877441406,31.66504
7.1861,51.4825,7.149999999999922,51.47500000000166,"(380, 222)",25.55924797058105,29.294245
6.7719,51.4377,6.749999999999924,51.42500000000165,"(379, 218)",22.61737060546875,27.226618
7.5823,51.4488,7.549999999999921,51.42500000000165,"(379, 226)",28.425525665283203,31.0879
6.9756,50.8491,6.949999999999923,50.8250000000016,"(367, 220)",26.17614364624023,29.039442
6.8199,51.3034,6.8499999999999215,51.325000000001644,"(377, 219)",25.465444564819336,29.152866
6.9779,50.9383,6.949999999999923,50.92500000000161,"(369, 220)",22.491533279418945,27.084255
8.3608,51.443,8.349999999999918,51.42500000000165,"(379, 234)",33.53833770751953,34.524033
7.5025,51.504,7.549999999999921,51.52500000000166,"(381, 226)",27.13776016235352,30.07943
7.0846,51.5279,7.049999999999924,51.52500000000166,"(381, 221)",24.21485710144043,28.443941
6.6297,51.6729,6.649999999999926,51.675000000001674,"(384, 217)",27.075639724731445,29.103554
7.2319,51.2776,7.24999999999992,51.27500000000164,"(376, 223)",28.84939384460449,31.812492
7.523,51.6085,7.549999999999921,51.62500000000167,"(383, 226)",27.297401428222656,29.877148
6.9656,51.4068,6.949999999999923,51.42500000000165,"(379, 220)",25.10773468017578,29.032558
8.7441,51.7146,8.749999999999917,51.72500000000168,"(385, 238)",29.37242889404297,31.66225
7.0012,51.3881,7.049999999999924,51.37500000000165,"(378, 221)",27.773653030395508,30.420496
6.8995,50.9952,6.8499999999999215,50.975000000001614,"(370, 219)",24.585147857666016,27.888874
6.7523,51.4679,6.749999999999924,51.47500000000166,"(380, 218)",20.31282615661621,25.646841
7.0827,50.7536,7.049999999999924,50.7750000000016,"(366, 221)",26.856250762939453,29.35359
7.0179,51.6149,7.049999999999924,51.62500000000167,"(383, 221)",25.37894058227539,28.29812
6.4695,51.0976,6.449999999999923,51.07500000000162,"(372, 215)",27.249794006347656,29.005424
7.0043,51.4402,7.049999999999924,51.42500000000165,"(379, 221)",26.69843864440918,29.998014
7.0475,50.9704,7.049999999999924,50.975000000001614,"(370, 221)",24.523983001708984,28.47629
8.0208,50.8757,8.049999999999917,50.875000000001606,"(368, 231)",31.96430778503418,33.702538
6.5595,51.0638,6.549999999999924,51.07500000000162,"(372, 216)",27.92623519897461,29.893986
7.6194,51.9533,7.649999999999919,51.9750000000017,"(390, 227)",27.44669342041016,29.83789
6.4515,51.0338,6.449999999999923,51.02500000000162,"(371, 215)",28.31943130493164,29.92493
6.896,51.4411,6.8499999999999215,51.42500000000165,"(379, 219)",25.009870529174805,28.85534
7.6627,51.5887,7.649999999999919,51.575000000001666,"(382, 227)",26.97602272033691,29.765137
7.6938,51.5475,7.649999999999919,51.52500000000166,"(381, 227)",26.61065101623535,29.837078
8.274,49.995,8.24999999999992,49.97500000000153,"(350, 233)",27.244043350219727,30.143673
8.3347,51.6117,8.349999999999918,51.62500000000167,"(383, 234)",28.983613967895508,30.808874
7.8097,51.6893,7.8499999999999215,51.675000000001674,"(384, 229)",28.09023666381836,30.218935
7.2015,51.6135,7.24999999999992,51.62500000000167,"(383, 223)",26.636022567749023,29.228724
7.1934,49.7409,7.149999999999922,49.72500000000151,"(345, 222)",35.43691635131836,36.099136
7.1227,51.699,7.149999999999922,51.675000000001674,"(384, 222)",26.91271591186523,29.69663
6.8332,51.2408,6.8499999999999215,51.225000000001636,"(375, 219)",25.958641052246097,29.336441
6.9788,51.25,6.949999999999923,51.225000000001636,"(375, 220)",25.94573783874512,29.13686
7.8264,49.2703,7.8499999999999215,49.27500000000147,"(336, 229)",34.52103805541992,35.27461
6.6467,49.7542,6.649999999999926,49.77500000000151,"(346, 217)",30.33453369140625,31.94574
6.7405,51.5647,6.749999999999924,51.575000000001666,"(382, 218)",24.899003982543945,27.913158
7.5966,50.3544,7.549999999999921,50.37500000000156,"(358, 226)",27.9943790435791,30.759315
6.3781,50.2665,6.349999999999925,50.275000000001555,"(356, 214)",34.18739700317383,34.65959
7.6431,51.2276,7.649999999999919,51.225000000001636,"(375, 227)",31.32420539855957,33.524414
6.6935,51.2008,6.649999999999926,51.225000000001636,"(375, 217)",25.558349609375,28.376448
7.8662,49.8412,7.8499999999999215,49.825000000001516,"(347, 229)",30.96370506286621,32.367367
7.7673,49.446,7.74999999999992,49.42500000000148,"(339, 228)",32.73468017578125,34.143997
7.4814,50.4247,7.449999999999923,50.42500000000157,"(359, 225)",27.34111595153809,30.325037
7.3443,51.3206,7.3499999999999215,51.325000000001644,"(377, 224)",29.41278076171875,31.784071
7.7299,50.4243,7.74999999999992,50.42500000000157,"(359, 228)",31.838205337524418,33.307835
8.3648,49.6288,8.349999999999918,49.6250000000015,"(343, 234)",27.475454330444336,29.472437
6.2326,50.7648,6.249999999999927,50.7750000000016,"(366, 213)",31.10833549499512,32.491196
7.9735,50.7668,7.949999999999919,50.7750000000016,"(366, 230)",32.98072052001953,34.198986
6.6416,51.2671,6.649999999999926,51.27500000000164,"(376, 217)",25.699811935424805,28.31532
7.2935,49.4231,7.24999999999992,49.42500000000148,"(339, 223)",32.83074951171875,33.63765
7.6521,50.2751,7.649999999999919,50.275000000001555,"(356, 227)",30.249330520629883,32.451035
8.2535,49.0523,8.24999999999992,49.07500000000145,"(332, 233)",27.218963623046875,29.15753
8.423,49.3511,8.449999999999916,49.37500000000148,"(338, 235)",26.41550636291504,28.821726
7.2858,50.9328,7.24999999999992,50.92500000000161,"(369, 223)",28.59088516235352,30.690775
6.8353,50.9381,6.8499999999999215,50.92500000000161,"(369, 219)",25.127534866333008,28.42758
7.3753,50.6994,7.3499999999999215,50.67500000000159,"(364, 224)",29.92225456237793,31.648579
9.5494,54.5273,9.549999999999914,54.52500000000192,"(441, 246)",30.63338279724121,31.77822
10.2406,54.0932,10.249999999999913,54.07500000000188,"(432, 253)",30.23126792907715,31.038952
7.7502,51.6107,7.74999999999992,51.62500000000167,"(383, 228)",27.1950626373291,29.546968
9.5859,53.6706,9.549999999999914,53.675000000001845,"(424, 246)",25.68978881835937,26.432
6.4946,50.8042,6.449999999999923,50.8250000000016,"(367, 215)",28.822933197021484,30.83171
10.7758,53.6989,10.74999999999991,53.675000000001845,"(424, 258)",29.75834274291992,30.793287
8.3553,49.5333,8.349999999999918,49.52500000000149,"(341, 234)",27.177793502807617,29.234606
10.6733,53.8622,10.649999999999912,53.87500000000186,"(428, 257)",27.49858856201172,30.07211
7.6146,49.192,7.649999999999919,49.17500000000146,"(334, 227)",34.06629943847656,34.796455
7.471,51.614,7.449999999999923,51.62500000000167,"(383, 225)",27.34684181213379,29.655039
6.5273,51.4818,6.549999999999924,51.47500000000166,"(380, 216)",26.30634307861328,28.539293
6.7335,49.3579,6.749999999999924,49.37500000000148,"(338, 218)",29.032978057861328,31.540728
10.1166,54.3097,10.149999999999912,54.3250000000019,"(437, 252)",28.60830879211425,29.95348
7.2104,51.5112,7.24999999999992,51.52500000000166,"(381, 223)",26.77115058898925,29.899376
9.9973,53.682,9.949999999999912,53.675000000001845,"(424, 250)",27.806943893432617,29.349623
6.1605,51.8724,6.149999999999926,51.87500000000169,"(388, 212)",27.45186996459961,28.26614
6.8677,49.2543,6.8499999999999215,49.27500000000147,"(336, 219)",30.08852195739746,31.672256
7.0557,50.8837,7.049999999999924,50.875000000001606,"(368, 221)",23.63099670410156,27.582071
9.1569,53.8961,9.149999999999915,53.87500000000186,"(428, 242)",23.930391311645508,24.376532
7.0218,51.5925,7.049999999999924,51.575000000001666,"(382, 221)",23.487977981567383,27.845411
12.4931,51.125,12.449999999999902,51.12500000000163,"(373, 275)",30.7152156829834,31.875826
12.9173,50.8325,12.949999999999902,50.8250000000016,"(367, 280)",31.961013793945316,34.01102
14.974,51.1558,14.949999999999894,51.17500000000163,"(374, 300)",31.47163200378418,32.468365
9.4381,54.7814,9.449999999999916,54.77500000000194,"(446, 245)",31.547224044799805,32.495914
6.552,49.4169,6.549999999999924,49.42500000000148,"(339, 216)",31.78699493408203,32.243355
12.4687,50.3548,12.449999999999902,50.37500000000156,"(358, 275)",35.86222457885742,36.326485
12.3772,51.3442,12.349999999999904,51.325000000001644,"(377, 274)",27.56844139099121,30.352613
10.6959,53.8355,10.649999999999912,53.82500000000186,"(427, 257)",29.832786560058597,31.18958
6.2642,50.8206,6.249999999999927,50.8250000000016,"(367, 213)",29.394990921020508,31.079655
7.2262,50.3302,7.24999999999992,50.32500000000156,"(357, 223)",31.301374435424805,32.80969
8.361,52.0615,8.349999999999918,52.07500000000171,"(392, 234)",29.128480911254883,30.749891
14.8228,50.8924,14.849999999999893,50.875000000001606,"(368, 299)",32.155296325683594,32.659424
6.7536,49.3226,6.749999999999924,49.325000000001474,"(337, 218)",27.85601234436035,30.508759
12.9973,50.5709,12.949999999999902,50.57500000000158,"(362, 280)",35.288902282714844,35.78692
13.4651,50.6591,13.449999999999902,50.67500000000159,"(364, 285)",35.25368881225586,35.68824
6.6871,49.2639,6.649999999999926,49.27500000000147,"(336, 217)",29.971330642700195,30.149595
13.7515,50.7315,13.749999999999899,50.72500000000159,"(365, 288)",34.524620056152344,34.896927
6.9977,51.5699,6.949999999999923,51.575000000001666,"(382, 220)",23.33578872680664,27.168766
12.6111,50.4313,12.649999999999904,50.42500000000157,"(359, 277)",36.86925506591797,37.1417
13.3468,50.9163,13.3499999999999,50.92500000000161,"(369, 284)",33.17691421508789,34.314945
9.5118,53.928,9.549999999999914,53.925000000001866,"(429, 246)",30.02161407470703,30.992054
6.9692,51.12,6.949999999999923,51.12500000000163,"(373, 220)",24.695039749145508,28.587942
7.3373,51.4382,7.3499999999999215,51.42500000000165,"(379, 224)",29.178361892700195,31.545538
12.1381,50.4861,12.149999999999904,50.47500000000157,"(360, 272)",32.717403411865234,33.998405
13.675,51.1195,13.649999999999897,51.12500000000163,"(373, 287)",31.45858383178711,32.75774
13.7414,51.0649,13.749999999999899,51.07500000000162,"(372, 288)",29.0206356048584,31.745176
7.0617,49.2994,7.049999999999924,49.27500000000147,"(336, 221)",31.46845245361328,32.978264
6.8634,51.3681,6.8499999999999215,51.37500000000165,"(378, 219)",24.43803977966309,28.406492
12.5421,50.826,12.549999999999903,50.8250000000016,"(367, 276)",31.34285354614257,32.75618
12.2974,51.3179,12.249999999999906,51.325000000001644,"(377, 273)",27.484485626220703,29.964088
13.7316,51.0263,13.749999999999899,51.02500000000162,"(371, 288)",30.46211624145508,32.496662
7.0032,49.2307,7.049999999999924,49.225000000001465,"(335, 221)",30.685544967651367,32.26399
14.4438,51.1757,14.449999999999894,51.17500000000163,"(374, 295)",31.89265823364257,33.103756
13.0094,51.3038,13.049999999999903,51.325000000001644,"(377, 281)",30.879884719848636,31.822803
8.6035,54.3278,8.649999999999919,54.3250000000019,"(437, 237)",34.7216682434082,35.078945
12.0045,51.4853,12.049999999999903,51.47500000000166,"(380, 271)",28.37099838256836,30.181608
11.9834,51.4752,11.949999999999905,51.47500000000166,"(380, 270)",28.82670211791992,30.918541
7.2634,49.362,7.24999999999992,49.37500000000148,"(338, 223)",32.49402618408203,33.54562
11.8648,52.2684,11.849999999999907,52.275000000001725,"(396, 269)",29.26460075378418,30.66231
11.739,51.8035,11.749999999999906,51.82500000000169,"(387, 268)",28.655975341796875,30.142797
12.3029,51.6512,12.349999999999904,51.675000000001674,"(384, 274)",30.967792510986328,32.072754
11.1723,52.5931,11.149999999999908,52.57500000000175,"(402, 262)",30.27927017211914,31.085146
12.4866,50.7204,12.449999999999902,50.72500000000159,"(365, 275)",32.07170867919922,33.554905
10.3172,50.9783,10.34999999999991,50.975000000001614,"(370, 254)",31.610990524291992,32.820274
11.0574,51.897,11.04999999999991,51.87500000000169,"(388, 261)",31.12165069580078,32.184612
12.2111,50.6081,12.249999999999906,50.625000000001585,"(363, 273)",32.48203659057617,33.46348
12.1413,51.0546,12.149999999999904,51.07500000000162,"(372, 272)",30.674304962158203,31.907463
11.216,54.413,11.249999999999906,54.42500000000191,"(439, 263)",31.809335708618164,32.281006
12.0321,51.3214,12.049999999999903,51.325000000001644,"(377, 271)",29.22682380676269,30.630678
11.961,51.1972,11.949999999999905,51.17500000000163,"(374, 270)",29.921043395996097,31.411276
11.0434,51.6624,11.04999999999991,51.675000000001674,"(384, 261)",34.37358093261719,34.95459
14.7497,51.2854,14.749999999999895,51.27500000000164,"(376, 298)",33.0413932800293,33.60675
11.6312,52.1312,11.649999999999904,52.12500000000171,"(393, 267)",28.907379150390625,30.961933
12.9535,50.4285,12.949999999999902,50.42500000000157,"(359, 280)",36.08170700073242,36.470207
11.3689,50.6512,11.349999999999907,50.67500000000159,"(364, 264)",32.57880783081055,33.631996
12.2448,51.8406,12.249999999999906,51.82500000000169,"(387, 273)",30.235557556152344,31.627506
12.4376,50.9878,12.449999999999902,50.975000000001614,"(370, 275)",30.861278533935547,32.088913
11.0379,50.9795,11.04999999999991,50.975000000001614,"(370, 261)",30.643198013305664,32.34421
10.2149,53.5706,10.249999999999913,53.575000000001836,"(422, 253)",27.75276565551757,29.338284
12.2052,50.6559,12.249999999999906,50.67500000000159,"(364, 273)",32.53255844116211,33.39065
12.5983,51.8675,12.549999999999903,51.87500000000169,"(388, 276)",30.657060623168945,31.733654
12.4257,51.376,12.449999999999902,51.37500000000165,"(378, 275)",28.52227210998535,30.7732
6.7595,51.1844,6.749999999999924,51.17500000000163,"(374, 218)",23.383113861083984,27.134005
11.8914,51.8373,11.849999999999907,51.82500000000169,"(387, 269)",29.66051483154297,30.679165
11.4495,51.7595,11.449999999999909,51.77500000000168,"(386, 265)",30.00200653076172,31.232727
10.7901,51.8394,10.74999999999991,51.82500000000169,"(387, 258)",34.521385192871094,35.301952
12.0749,50.8779,12.049999999999903,50.875000000001606,"(368, 271)",32.235809326171875,33.42653
10.6686,50.6532,10.649999999999912,50.67500000000159,"(364, 257)",34.7619514465332,35.56155
11.983,51.3873,11.949999999999905,51.37500000000165,"(378, 270)",29.03278923034668,30.952866
10.3753,50.5618,10.34999999999991,50.57500000000158,"(362, 254)",32.20750427246094,33.102726
12.6637,51.8709,12.649999999999904,51.87500000000169,"(388, 277)",28.60318946838379,30.811382
10.8672,51.3333,10.849999999999907,51.325000000001644,"(377, 259)",31.788169860839844,32.859505
11.0911,51.4561,11.04999999999991,51.47500000000166,"(380, 261)",31.65781784057617,32.640884
10.7914,51.4972,10.74999999999991,51.47500000000166,"(380, 258)",30.04994201660156,31.336407
11.8503,52.6021,11.849999999999907,52.625000000001755,"(403, 269)",30.106576919555664,31.059738
11.5971,50.9335,11.549999999999907,50.92500000000161,"(369, 266)",30.77987289428711,32.40273
11.1346,50.5,11.149999999999908,50.47500000000157,"(360, 262)",34.907676696777344,35.441933
10.6931,50.6115,10.649999999999912,50.625000000001585,"(363, 257)",34.26166915893555,35.239754
11.3261,50.9775,11.349999999999907,50.975000000001614,"(370, 264)",31.665353775024418,32.886158
10.7694,50.6546,10.74999999999991,50.67500000000159,"(364, 258)",35.02170181274414,35.719074
8.308,54.9231,8.349999999999918,54.92500000000195,"(449, 234)",36.97543716430664,37.24107
7.904,47.9129,7.949999999999919,47.925000000001354,"(309, 230)",37.591495513916016,38.204857
23.7276,37.9881,23.749999999999865,37.975000000000506,"(110, 388)",24.80010223388672,24.823067
23.5384,38.0513,23.54999999999987,38.075000000000514,"(112, 386)",32.3638801574707,32.39003
22.4145,39.6355,22.449999999999868,39.62500000000065,"(143, 375)",24.66513061523437,24.679008
22.8761,40.7398,22.849999999999866,40.72500000000074,"(165, 379)",31.045066833496097,31.056997
11.6612,50.7916,11.649999999999904,50.7750000000016,"(366, 267)",32.752288818359375,33.44937
10.7561,52.8009,10.74999999999991,52.82500000000177,"(407, 258)",30.18063163757324,31.004116
13.0323,53.1423,13.049999999999903,53.1250000000018,"(413, 281)",31.85890007019043,32.36285
23.713,37.932,23.749999999999865,37.9250000000005,"(109, 388)",30.28050804138184,30.304312
23.6884,38.0208,23.649999999999864,38.02500000000051,"(111, 387)",29.800830841064453,29.825672
23.0317,40.5889,23.04999999999987,40.57500000000073,"(162, 381)",33.24591064453125,33.259613
22.9451,40.6337,22.949999999999868,40.62500000000073,"(163, 380)",25.755081176757812,25.766663
22.8932,40.6735,22.849999999999866,40.675000000000736,"(164, 379)",26.800933837890625,26.81233
22.9586,40.5787,22.949999999999868,40.57500000000073,"(162, 380)",30.14570426940918,30.15822
12.725,54.4368,12.749999999999902,54.42500000000191,"(439, 278)",33.97887420654297,34.41405
10.4658,51.2085,10.449999999999909,51.225000000001636,"(375, 255)",31.49163055419922,32.754974
12.2341,51.3961,12.249999999999906,51.37500000000165,"(378, 273)",26.36610221862793,29.187271
23.879,37.9013,23.849999999999866,37.9250000000005,"(109, 389)",35.263938903808594,35.289093
21.7382,38.2531,21.749999999999872,38.27500000000053,"(116, 368)",36.00539016723633,36.03214
13.4206,48.9476,13.449999999999902,48.92500000000144,"(329, 285)",37.55274963378906,37.71453
22.9429,39.3667,22.949999999999868,39.375000000000625,"(138, 380)",30.68937873840332,30.709425
23.7874,38.0308,23.749999999999865,38.02500000000051,"(111, 388)",27.036605834960938,27.061848
21.7345,38.2465,21.749999999999872,38.22500000000053,"(115, 368)",34.887115478515625,34.914593
23.8194,37.9951,23.849999999999866,37.975000000000506,"(110, 389)",35.10821914672852,35.13449
23.6978,38.0767,23.649999999999864,38.075000000000514,"(112, 387)",34.96257019042969,34.98874
23.7582,38.1435,23.749999999999865,38.12500000000052,"(113, 388)",35.9864501953125,36.01396
23.789,38.0678,23.749999999999865,38.075000000000514,"(112, 388)",32.47848892211914,32.505856
18.96,47.5619,18.949999999999882,47.575000000001324,"(302, 340)",32.4539794921875,32.474594
23.6452,37.9447,23.649999999999864,37.9250000000005,"(109, 387)",21.487680435180664,21.508078
18.7461,47.79,18.749999999999886,47.77500000000134,"(306, 338)",31.915143966674805,31.937832
-10.2408,51.9381,-10.250000000000016,51.925000000001695,"(389, 48)",37.80371856689453,37.815002
23.1103,38.3753,23.149999999999864,38.37500000000054,"(118, 382)",35.32297134399414,35.347717
20.8522,39.6528,20.849999999999874,39.67500000000065,"(144, 359)",35.1245002746582,35.147827
18.9361,46.9761,18.949999999999882,46.97500000000127,"(290, 340)",32.11326217651367,32.12657
16.8389,47.6719,16.849999999999888,47.67500000000133,"(304, 319)",31.586050033569336,31.606085
-8.475,51.9111,-8.450000000000022,51.925000000001695,"(389, 66)",31.53086853027344,31.539286
19.0281,47.5081,19.049999999999883,47.52500000000132,"(301, 341)",29.169836044311523,29.181028
18.0325,46.7328,18.049999999999883,46.72500000000125,"(285, 331)",33.11311340332031,33.128548
19.1461,47.5419,19.149999999999878,47.52500000000132,"(301, 342)",27.270706176757812,27.277391
20.1531,46.2666,20.149999999999878,46.275000000001214,"(276, 352)",29.85027885437012,29.863888
16.575,47.6919,16.54999999999989,47.67500000000133,"(304, 316)",33.843299865722656,33.861885
19.55,46.9667,19.549999999999883,46.97500000000127,"(290, 346)",32.07815933227539,32.09661
19.0878,47.4919,19.049999999999883,47.475000000001316,"(300, 341)",27.95846939086914,27.967775
19.6888,46.9023,19.649999999999878,46.92500000000127,"(289, 347)",30.172178268432617,30.189297
-6.2781,53.3539,-6.25000000000003,53.37500000000182,"(418, 88)",28.26541519165039,28.27173
17.5567,47.1053,17.549999999999883,47.125000000001286,"(293, 326)",34.63009262084961,34.648094
21.6244,47.5133,21.64999999999987,47.52500000000132,"(301, 367)",30.83103370666504,30.857422
17.6497,47.6761,17.649999999999885,47.67500000000133,"(304, 327)",31.124298095703125,31.134912
20.6164,48.2472,20.649999999999878,48.22500000000138,"(315, 357)",32.10768508911133,32.141876
20.79,48.1069,20.749999999999872,48.12500000000137,"(313, 358)",31.59352302551269,31.629911
-9.9044,53.3267,-9.950000000000017,53.325000000001815,"(417, 51)",38.86845779418945,38.87818
-6.3523,53.3405,-6.35000000000003,53.325000000001815,"(417, 87)",27.459840774536133,27.467373
21.7058,47.9611,21.749999999999872,47.97500000000136,"(310, 368)",31.06017684936523,31.085112
18.2111,46.0803,18.249999999999886,46.0750000000012,"(272, 333)",33.092559814453125,33.105335
19.1842,47.4308,19.149999999999878,47.42500000000131,"(299, 342)",28.18987846374512,28.20015
18.4208,47.5572,18.449999999999882,47.575000000001324,"(302, 335)",32.07168960571289,32.09189
18.92,47.3067,18.949999999999882,47.3250000000013,"(297, 340)",30.46738815307617,30.485455
21.2117,48.4739,21.249999999999872,48.4750000000014,"(320, 363)",33.51890182495117,33.554825
17.9011,47.0911,17.94999999999989,47.07500000000128,"(292, 330)",33.54601287841797,33.56307
20.0481,47.765,20.049999999999876,47.77500000000134,"(306, 351)",34.02423095703125,34.055748
-14.1625,65.0303,-14.150000000000002,65.02500000000282,"(651, 9)",36.454856872558594,36.457745
-14.0476,65.0401,-14.050000000000002,65.02500000000282,"(651, 10)",36.400875091552734,36.403793
19.9854,46.4639,19.949999999999875,46.47500000000123,"(280, 350)",31.32086753845215,31.336374
16.6081,47.2383,16.649999999999892,47.225000000001295,"(295, 317)",31.33074188232422,31.338165
17.9028,47.1075,17.94999999999989,47.125000000001286,"(293, 330)",34.26096725463867,34.277554
-7.2887,53.0361,-7.250000000000027,53.02500000000179,"(411, 78)",32.24483871459961,32.25056
-6.1726,53.3688,-6.1500000000000306,53.37500000000182,"(418, 89)",32.45541000366211,32.458878
-6.5708,52.4985,-6.550000000000029,52.47500000000174,"(400, 85)",33.168357849121094,33.17496
20.7031,48.2181,20.749999999999872,48.22500000000138,"(315, 358)",30.912654876708984,30.945833
-6.2324,53.3062,-6.25000000000003,53.325000000001815,"(417, 88)",26.797786712646484,26.804173
-8.5919,52.5035,-8.550000000000022,52.52500000000175,"(401, 65)",33.26282501220703,33.27186
-9.0127,53.7039,-9.05000000000002,53.72500000000185,"(425, 60)",34.118675231933594,34.12547
-7.2681,52.6388,-7.250000000000027,52.625000000001755,"(403, 78)",32.28644561767578,32.293472
9.6439,45.6903,9.649999999999912,45.67500000000116,"(264, 247)",26.177021026611328,26.169762
-6.8831,54.0661,-6.850000000000028,54.07500000000188,"(432, 82)",33.52185821533203,33.52717
10.8591,46.6195,10.849999999999907,46.62500000000124,"(283, 259)",42.38803863525391,42.37008
9.2358,45.4783,9.249999999999913,45.475000000001145,"(260, 243)",22.41703224182129,22.432673
11.944,46.7974,11.949999999999905,46.775000000001256,"(286, 270)",34.2425422668457,34.207985
11.34,46.4955,11.349999999999907,46.47500000000123,"(280, 264)",29.22488784790039,29.188875
9.2744,45.5811,9.249999999999913,45.575000000001154,"(262, 243)",22.726089477539062,22.733152
9.1053,45.4322,9.149999999999915,45.42500000000114,"(259, 242)",23.35403633117676,23.377178
18.9272,47.2397,18.949999999999882,47.225000000001295,"(295, 340)",31.390613555908203,31.409063
9.6115,45.6206,9.649999999999912,45.62500000000116,"(263, 247)",27.40714836120605,27.400497
11.1616,46.662,11.149999999999908,46.67500000000125,"(284, 262)",36.2401123046875,36.184376
-6.3699,53.3856,-6.35000000000003,53.37500000000182,"(418, 87)",27.986459732055664,27.993492
-6.1319,53.2858,-6.1500000000000306,53.27500000000181,"(416, 89)",32.824520111083984,32.829163
8.8925,45.4675,8.849999999999914,45.475000000001145,"(260, 239)",25.250974655151367,25.27875
-6.3588,53.2805,-6.35000000000003,53.27500000000181,"(416, 87)",31.828258514404297,31.8361
9.1981,45.4697,9.149999999999915,45.475000000001145,"(260, 242)",22.4731559753418,22.492565
11.0394,45.8924,11.04999999999991,45.87500000000118,"(268, 261)",32.90627670288086,32.883205
10.2236,45.5408,10.249999999999913,45.52500000000115,"(261, 253)",29.78853225708008,29.767986
9.3275,45.4828,9.349999999999914,45.475000000001145,"(260, 244)",25.88340377807617,25.89517
9.5914,45.5183,9.549999999999914,45.52500000000115,"(261, 246)",25.664201736450195,25.663248
11.4539,46.0518,11.449999999999909,46.0750000000012,"(272, 265)",40.75823974609375,40.730957
10.2008,45.655,10.249999999999913,45.67500000000116,"(264, 253)",39.78142166137695,39.76581
10.2994,45.2489,10.249999999999913,45.225000000001124,"(255, 253)",28.26835060119629,28.268219
-8.9542,52.6392,-8.95000000000002,52.625000000001755,"(403, 61)",33.55047607421875,33.55918
-8.4571,51.8819,-8.450000000000022,51.87500000000169,"(388, 66)",31.299474716186523,31.307556
10.3858,45.6394,10.34999999999991,45.62500000000116,"(263, 254)",39.29237365722656,39.268944
10.4808,45.4633,10.449999999999909,45.475000000001145,"(260, 255)",28.325288772583008,28.302786
-6.2224,53.2748,-6.25000000000003,53.27500000000181,"(416, 88)",32.532310485839844,32.539097
9.2828,45.3953,9.249999999999913,45.37500000000114,"(258, 243)",25.208505630493164,25.23141
-9.2997,53.8511,-9.25000000000002,53.87500000000186,"(428, 58)",34.114707946777344,34.122204
11.3401,46.4348,11.349999999999907,46.425000000001226,"(279, 264)",30.429771423339844,30.396643
-14.2419,65.0304,-14.250000000000002,65.02500000000282,"(651, 8)",36.487735748291016,36.49059
-9.0492,53.2817,-9.05000000000002,53.27500000000181,"(416, 60)",33.41998672485352,33.426895
9.5564,45.4975,9.549999999999914,45.475000000001145,"(260, 246)",26.138999938964844,26.14153
-6.1217,53.1872,-6.1500000000000306,53.1750000000018,"(414, 89)",34.18714141845703,34.19203
9.1569,45.6608,9.149999999999915,45.67500000000116,"(264, 242)",29.28580474853516,29.290773
10.8445,45.8915,10.849999999999907,45.87500000000118,"(268, 259)",30.85662078857422,30.832533
10.1775,45.8739,10.149999999999912,45.87500000000118,"(268, 252)",38.95518493652344,38.95736
17.4511,46.8853,17.44999999999989,46.875000000001265,"(288, 325)",33.08799362182617,33.100838
11.6211,46.6792,11.649999999999904,46.67500000000125,"(284, 267)",34.866668701171875,34.83494
11.0708,44.9969,11.04999999999991,44.9750000000011,"(250, 261)",28.106584548950195,28.098763
11.1262,46.0629,11.149999999999908,46.0750000000012,"(272, 262)",30.79919052124023,30.771059
10.958,46.0825,10.949999999999909,46.0750000000012,"(272, 260)",37.4968147277832,37.47101
9.2364,45.5339,9.249999999999913,45.52500000000115,"(261, 243)",23.49677467346191,23.507664
9.0447,45.5225,9.049999999999917,45.52500000000115,"(261, 241)",23.74242401123047,23.761023
11.2271,46.2673,11.249999999999906,46.275000000001214,"(276, 263)",32.7820930480957,32.747784
11.1102,46.1043,11.149999999999908,46.1250000000012,"(273, 262)",32.55649948120117,32.527126
9.2761,45.6022,9.249999999999913,45.62500000000116,"(263, 243)",27.729412078857425,27.73241
11.1134,46.1968,11.149999999999908,46.175000000001205,"(274, 262)",32.285369873046875,32.25381
11.4332,46.5897,11.449999999999909,46.57500000000124,"(282, 265)",38.18483352661133,38.151066
11.6541,46.7149,11.649999999999904,46.72500000000125,"(285, 267)",34.9288444519043,34.896698
8.9274,44.4182,8.949999999999916,44.425000000001056,"(239, 240)",25.240938186645508,25.356956
9.4667,45.6833,9.449999999999916,45.67500000000116,"(264, 245)",28.839418411254883,28.834475
8.7367,45.5258,8.749999999999917,45.52500000000115,"(261, 238)",29.038593292236328,29.064959
-7.7914,53.7256,-7.750000000000025,53.72500000000185,"(425, 73)",33.168853759765625,33.17418
10.3131,45.5047,10.34999999999991,45.52500000000115,"(261, 254)",31.752174377441406,31.729073
8.951,44.574,8.949999999999916,44.57500000000107,"(242, 240)",36.298118591308594,36.426994
8.9014,44.4627,8.949999999999916,44.47500000000106,"(240, 240)",34.87971496582031,35.001743
8.9056,45.1017,8.949999999999916,45.125000000001116,"(253, 240)",26.51179885864257,26.563276
10.6919,45.4108,10.649999999999912,45.42500000000114,"(259, 257)",25.98776626586914,25.966301
8.9915,44.3949,8.949999999999916,44.37500000000105,"(238, 240)",31.798978805541992,31.921219
11.2044,45.0514,11.249999999999906,45.07500000000111,"(252, 263)",26.87572479248047,26.854641
8.8486,45.5467,8.849999999999914,45.52500000000115,"(261, 239)",28.11415100097656,28.136612
10.0167,45.1328,10.04999999999991,45.125000000001116,"(253, 251)",26.844764709472656,26.85838
8.915,45.0408,8.949999999999916,45.02500000000111,"(251, 240)",26.343786239624023,26.40597
9.1647,45.1939,9.149999999999915,45.17500000000112,"(254, 242)",27.183839797973636,27.222982
12.8578,42.4047,12.8499999999999,42.425000000000885,"(199, 279)",38.15626525878906,38.209705
9.4969,45.9131,9.449999999999916,45.925000000001184,"(269, 245)",42.34358215332031,42.3479
10.7956,45.1606,10.74999999999991,45.17500000000112,"(254, 258)",28.371999740600582,28.361809
9.0836,45.8044,9.049999999999917,45.825000000001175,"(267, 241)",34.71367645263672,34.719715
9.9403,45.1483,9.949999999999912,45.125000000001116,"(253, 250)",27.926862716674805,27.94325
12.4696,41.9474,12.449999999999902,41.92500000000084,"(189, 275)",25.10393714904785,25.184353
8.7547,45.2811,8.749999999999917,45.27500000000113,"(256, 238)",27.43661117553711,27.477884
12.1092,42.4221,12.149999999999904,42.425000000000885,"(199, 272)",35.900672912597656,35.97913
9.2861,46.0158,9.249999999999913,46.02500000000119,"(271, 243)",38.47483444213867,38.492626
9.3958,45.8494,9.349999999999914,45.825000000001175,"(267, 244)",36.25733947753906,36.25158
13.2656,41.6879,13.249999999999899,41.67500000000082,"(184, 283)",35.96718215942383,36.015327
21.4912,47.6773,21.449999999999875,47.67500000000133,"(304, 365)",31.67687225341797,31.703915
11.909,42.1579,11.949999999999905,42.175000000000864,"(194, 270)",37.70032501220703,37.798393
8.8304,44.4274,8.849999999999914,44.425000000001056,"(239, 239)",28.732065200805664,28.852812
10.8033,45.1444,10.849999999999907,45.125000000001116,"(253, 259)",27.35990524291992,27.349998
9.1258,45.7272,9.149999999999915,45.72500000000117,"(265, 242)",32.53651428222656,32.539623
8.8345,45.5829,8.849999999999914,45.575000000001154,"(262, 239)",29.424314498901367,29.44388
8.8203,45.8169,8.849999999999914,45.825000000001175,"(267, 239)",34.84858322143555,34.865917
9.3236,44.3149,9.349999999999914,44.32500000000105,"(237, 244)",37.73383331298828,37.853405
9.385,46.1372,9.349999999999914,46.1250000000012,"(273, 244)",35.55400085449219,35.581356
9.705,45.3672,9.749999999999913,45.37500000000114,"(258, 248)",27.072265625,27.07345
9.0094,45.0003,9.049999999999917,45.02500000000111,"(251, 241)",28.1841983795166,28.241428
9.2226,44.3517,9.249999999999913,44.37500000000105,"(238, 243)",40.72110366821289,40.842773
9.1849,44.5647,9.149999999999915,44.57500000000107,"(242, 242)",42.44140625,42.580067
10.8242,45.1572,10.849999999999907,45.17500000000112,"(254, 259)",27.845600128173828,27.832228
9.0242,45.6269,9.049999999999917,45.62500000000116,"(263, 241)",28.21058654785156,28.221094
9.8642,45.2847,9.849999999999914,45.27500000000113,"(256, 249)",27.925079345703125,27.932121
12.5687,41.8577,12.549999999999903,41.87500000000084,"(188, 276)",23.432775497436523,23.509443
11.8025,42.0916,11.849999999999907,42.075000000000855,"(192, 269)",37.31543350219727,37.430943
12.6585,41.9295,12.649999999999904,41.92500000000084,"(189, 277)",29.318506240844727,29.38933
12.9621,42.5726,12.949999999999902,42.5750000000009,"(202, 280)",41.63957214355469,41.691933
13.0041,41.7304,13.049999999999903,41.725000000000826,"(185, 281)",29.105396270751957,29.156376
13.349,41.6396,13.3499999999999,41.62500000000082,"(183, 284)",32.26356887817383,32.30787
12.2663,41.8895,12.249999999999906,41.87500000000084,"(188, 273)",32.288204193115234,32.38487
13.8307,41.4885,13.8499999999999,41.475000000000804,"(180, 289)",34.0800666809082,34.11266
8.8738,44.5186,8.849999999999914,44.525000000001064,"(241, 239)",34.95657730102539,35.079227
-7.1964,53.1069,-7.150000000000027,53.1250000000018,"(413, 79)",32.572025299072266,32.577618
12.4132,42.3018,12.449999999999902,42.32500000000088,"(197, 275)",29.647628784179688,29.711372
13.5705,41.2231,13.5499999999999,41.22500000000078,"(175, 286)",36.85796356201172,36.91451
12.5069,41.9329,12.549999999999903,41.92500000000084,"(189, 276)",24.39413833618164,24.46836
13.3387,41.5716,13.3499999999999,41.57500000000081,"(182, 284)",29.14542388916016,29.190256
12.8917,41.4511,12.8499999999999,41.475000000000804,"(180, 279)",31.815031051635746,31.901215
10.3725,46.4703,10.34999999999991,46.47500000000123,"(280, 254)",45.014915466308594,45.04498
8.75,45.6167,8.749999999999917,45.62500000000116,"(263, 238)",25.045848846435547,25.070843
8.8458,45.3044,8.849999999999914,45.32500000000113,"(257, 239)",27.60611343383789,27.646143
11.7983,42.0993,11.749999999999906,42.075000000000855,"(192, 268)",36.07784271240234,36.21334
14.7024,40.711,14.749999999999895,40.72500000000074,"(165, 298)",36.38092422485352,36.417683
14.3781,41.0459,14.349999999999897,41.025000000000766,"(171, 294)",29.592472076416016,29.63063
14.8246,40.8355,14.849999999999893,40.82500000000075,"(167, 299)",40.88672637939453,40.924183
14.2987,40.9146,14.249999999999899,40.92500000000076,"(169, 293)",25.000099182128903,25.042727
12.4754,41.894,12.449999999999902,41.87500000000084,"(188, 275)",22.99530029296875,23.076134
13.6743,41.6692,13.649999999999897,41.67500000000082,"(184, 287)",37.55092239379883,37.588074
9.5664,46.1317,9.549999999999914,46.1250000000012,"(273, 246)",35.24066162109375,35.264
14.401,40.9797,14.449999999999894,40.97500000000076,"(170, 295)",34.10287857055664,34.141212
14.3447,41.0844,14.349999999999897,41.07500000000077,"(172, 294)",31.48045921325684,31.51866
12.913,41.464,12.949999999999902,41.475000000000804,"(180, 280)",31.85970497131348,31.937077
12.3456,41.8748,12.349999999999904,41.87500000000084,"(188, 274)",29.94508171081543,30.035913
9.8706,46.1672,9.849999999999914,46.175000000001205,"(274, 249)",37.35395431518555,37.385784
12.7266,41.9956,12.749999999999902,41.97500000000085,"(190, 278)",33.15977096557617,33.22453
14.2545,40.8637,14.249999999999899,40.87500000000075,"(168, 293)",21.71212387084961,21.755518
13.1498,41.7469,13.1499999999999,41.725000000000826,"(185, 282)",35.92096710205078,35.97051
12.607,41.7979,12.649999999999904,41.77500000000083,"(186, 277)",32.657588958740234,32.740326
14.7856,40.9142,14.749999999999895,40.92500000000076,"(169, 298)",35.66859817504883,35.70404
14.7775,40.6954,14.749999999999895,40.675000000000736,"(164, 298)",29.992652893066406,30.02995
14.3698,40.9411,14.349999999999897,40.92500000000076,"(169, 294)",28.76568031311035,28.806778
14.2311,40.8494,14.249999999999899,40.82500000000075,"(167, 293)",21.62128448486328,21.670786
7.3242,45.7358,7.3499999999999215,45.72500000000117,"(265, 224)",35.2816047668457,35.470024
14.4813,40.9243,14.449999999999894,40.92500000000076,"(169, 295)",31.83656311035156,31.874939
13.3383,41.7273,13.3499999999999,41.725000000000826,"(185, 284)",38.83094024658203,38.875984
11.8764,42.7366,11.849999999999907,42.72500000000091,"(205, 269)",36.43018341064453,36.509197
9.8439,44.116,9.849999999999914,44.12500000000103,"(233, 249)",30.908477783203125,31.023098
14.6435,40.7404,14.649999999999897,40.72500000000074,"(165, 297)",32.70457458496094,32.741177
14.8361,41.1469,14.849999999999893,41.125000000000774,"(173, 299)",32.409088134765625,32.43892
8.6431,44.3914,8.649999999999919,44.37500000000105,"(238, 237)",42.44116973876953,42.563828
12.6533,41.5954,12.649999999999904,41.57500000000081,"(182, 277)",32.940242767333984,33.033306
8.4389,44.2725,8.449999999999916,44.27500000000104,"(236, 235)",39.56010818481445,39.667263
12.9466,41.5314,12.949999999999902,41.52500000000081,"(181, 280)",34.67689895629883,34.7528
7.2989,45.7303,7.24999999999992,45.72500000000117,"(265, 223)",38.313262939453125,38.528313
9.8977,44.1831,9.849999999999914,44.175000000001035,"(234, 249)",35.63275146484375,35.739536
8.2838,44.3832,8.24999999999992,44.37500000000105,"(238, 233)",38.79732131958008,38.887577
14.78,41.1157,14.749999999999895,41.125000000000774,"(173, 298)",32.80675506591797,32.83974
14.3411,40.8643,14.349999999999897,40.87500000000075,"(168, 294)",28.429397583007812,28.47301
7.7664,45.5966,7.74999999999992,45.575000000001154,"(262, 228)",40.82758331298828,40.911842
14.2131,42.4664,14.249999999999899,42.47500000000089,"(200, 293)",35.85823440551758,35.844414
9.9187,44.1547,9.949999999999912,44.175000000001035,"(234, 250)",36.70500183105469,36.81865
8.2054,44.0526,8.24999999999992,44.075000000001026,"(232, 233)",40.77711868286133,40.872433
9.7987,44.1236,9.749999999999913,44.12500000000103,"(233, 248)",37.31286239624024,37.43334
16.5471,40.6867,16.54999999999989,40.675000000000736,"(164, 316)",34.74806594848633,34.761826
9.839,44.0647,9.849999999999914,44.075000000001026,"(232, 249)",31.890226364135746,32.02343
15.9548,40.3156,15.949999999999891,40.325000000000706,"(157, 310)",38.69450378417969,38.723873
8.4854,44.3154,8.449999999999916,44.32500000000105,"(237, 235)",36.1146125793457,36.211693
16.4962,40.4858,16.44999999999989,40.47500000000072,"(160, 315)",35.443077087402344,35.45976
15.7227,41.0671,15.749999999999892,41.07500000000077,"(172, 308)",35.34397888183594,35.365246
15.8729,40.6439,15.849999999999893,40.62500000000073,"(163, 309)",39.16347122192383,39.19507
9.4147,45.3294,9.449999999999916,45.32500000000113,"(257, 245)",27.04303550720215,27.06137
16.5484,40.4204,16.54999999999989,40.425000000000715,"(159, 316)",34.16753005981445,34.183315
9.6983,45.1586,9.649999999999912,45.17500000000112,"(254, 247)",26.78888702392578,26.809347
14.1975,42.4519,14.149999999999897,42.47500000000089,"(200, 292)",32.99835968017578,32.99124
15.64,40.9841,15.64999999999989,40.97500000000076,"(170, 307)",37.65711975097656,37.682465
6.9778,45.7292,6.949999999999923,45.72500000000117,"(265, 220)",46.42576217651367,46.805267
17.2839,40.4119,17.249999999999886,40.425000000000715,"(159, 323)",36.047847747802734,36.056572
9.955,44.1109,9.949999999999912,44.12500000000103,"(233, 250)",34.568092346191406,34.6803
16.8733,41.1233,16.849999999999888,41.125000000000774,"(173, 319)",33.870479583740234,33.87116
15.8914,40.2884,15.849999999999893,40.2750000000007,"(156, 309)",37.839481353759766,37.870678
15.7876,41.046,15.749999999999892,41.025000000000766,"(171, 308)",36.06228256225586,36.084976
9.5861,45.3086,9.549999999999914,45.32500000000113,"(257, 246)",27.301803588867188,27.31664
15.945,41.6653,15.949999999999891,41.67500000000082,"(184, 310)",39.93284225463867,39.94539
17.1736,40.5261,17.149999999999892,40.52500000000072,"(161, 322)",35.264286041259766,35.273205
17.2633,40.4606,17.249999999999886,40.47500000000072,"(160, 323)",33.89177322387695,33.89939
9.7139,45.082,9.749999999999913,45.07500000000111,"(252, 248)",26.28060340881348,26.305164
15.8674,40.3242,15.849999999999893,40.325000000000706,"(157, 309)",37.70928955078125,37.738533
15.5478,41.4539,15.549999999999892,41.475000000000804,"(180, 306)",31.38478279113769,31.39806
10.9122,45.4625,10.949999999999909,45.475000000001145,"(260, 260)",34.7177848815918,34.68567
15.7952,40.6492,15.749999999999892,40.62500000000073,"(163, 308)",38.21527862548828,38.24782
8.2055,44.9089,8.24999999999992,44.9250000000011,"(249, 233)",30.203598022460938,30.250753
7.7782,45.1432,7.74999999999992,45.125000000001116,"(253, 228)",26.69371795654297,26.73306
8.5102,44.3296,8.549999999999917,44.32500000000105,"(237, 236)",40.1338119506836,40.245007
8.6197,45.4403,8.649999999999919,45.42500000000114,"(259, 237)",28.12150001525879,28.152285
8.0564,45.5588,8.049999999999917,45.575000000001154,"(262, 231)",37.15796661376953,37.18521
7.8146,44.4018,7.8499999999999215,44.425000000001056,"(239, 229)",34.7532958984375,34.81638
7.5382,44.3818,7.549999999999921,44.37500000000105,"(238, 226)",34.8753776550293,34.94349
7.0501,45.1391,7.049999999999924,45.125000000001116,"(253, 221)",42.19888305664063,42.41311
8.4584,45.6894,8.449999999999916,45.67500000000116,"(264, 235)",35.648963928222656,35.668034
7.878,45.4512,7.8499999999999215,45.475000000001145,"(260, 229)",37.14682769775391,37.17841
15.9094,41.6283,15.949999999999891,41.62500000000082,"(183, 310)",39.66372299194336,39.675148
7.6782,45.0758,7.649999999999919,45.07500000000111,"(252, 227)",25.19402313232422,25.245955
18.1161,40.4589,18.149999999999885,40.47500000000072,"(160, 332)",37.89950942993164,37.894806
8.5655,45.9303,8.549999999999917,45.925000000001184,"(269, 236)",40.41618728637695,40.454636
17.9645,40.4185,17.94999999999989,40.425000000000715,"(159, 330)",35.15959930419922,35.160816
7.6953,45.1041,7.649999999999919,45.125000000001116,"(253, 227)",32.32859420776367,32.372055
8.612,44.9066,8.649999999999919,44.9250000000011,"(249, 237)",27.657501220703125,27.73063
7.5496,45.0069,7.549999999999921,45.02500000000111,"(251, 226)",34.37376403808594,34.42664
7.2454,45.4302,7.24999999999992,45.42500000000114,"(259, 223)",49.32994842529297,49.650047
7.5602,45.1758,7.549999999999921,45.17500000000112,"(254, 226)",39.96939849853515,40.02842
6.8359,45.0348,6.8499999999999215,45.02500000000111,"(251, 219)",41.20414733886719,41.459126
7.6362,44.9513,7.649999999999919,44.9750000000011,"(250, 227)",28.515300750732425,28.555262
7.6259,45.0419,7.649999999999919,45.02500000000111,"(251, 227)",25.80874252319336,25.856972
18.1731,40.3644,18.149999999999885,40.37500000000071,"(158, 332)",35.589290618896484,35.587646
8.4157,45.8988,8.449999999999916,45.87500000000118,"(268, 235)",39.762474060058594,39.80041
17.4239,40.5378,17.44999999999989,40.52500000000072,"(161, 325)",36.40907287597656,36.41643
7.4262,44.7197,7.449999999999923,44.72500000000108,"(245, 225)",39.13155746459961,39.18787
8.7861,45.4097,8.749999999999917,45.42500000000114,"(259, 238)",24.617578506469727,24.650225
8.1695,44.4122,8.149999999999919,44.425000000001056,"(239, 232)",38.98361206054688,39.066193
14.6633,41.5578,14.649999999999897,41.57500000000081,"(182, 297)",36.91456604003906,36.94207
8.1876,45.569,8.149999999999919,45.575000000001154,"(262, 232)",36.5672492980957,36.591705
8.2835,45.7132,8.24999999999992,45.72500000000117,"(265, 233)",39.628116607666016,39.661777
9.6669,45.235,9.649999999999912,45.225000000001124,"(255, 247)",27.769731521606445,27.788237
8.0434,45.2948,8.049999999999917,45.27500000000113,"(256, 231)",28.529916763305664,28.550255
14.9936,42.0011,14.949999999999894,42.02500000000085,"(191, 300)",36.95976257324219,36.957905
17.2033,40.5625,17.249999999999886,40.57500000000073,"(162, 323)",35.90411758422852,35.913193
7.658,45.1546,7.649999999999919,45.17500000000112,"(254, 227)",36.03800964355469,36.080112
7.7116,45.1763,7.74999999999992,45.17500000000112,"(254, 228)",30.809053421020508,30.840616
7.7743,43.82,7.74999999999992,43.825000000001005,"(227, 228)",37.09347152709961,37.11294
8.1975,44.8942,8.149999999999919,44.875000000001094,"(248, 232)",31.01808738708496,31.063206
9.0524,44.7633,9.049999999999917,44.775000000001086,"(246, 241)",37.65055465698242,37.767654
17.8083,40.5656,17.849999999999888,40.57500000000073,"(162, 329)",35.72491836547852,35.725533
14.2089,41.7594,14.249999999999899,41.77500000000083,"(186, 293)",40.11387252807617,40.138977
8.2559,46.3148,8.24999999999992,46.32500000000122,"(277, 233)",46.037628173828125,46.178337
17.2536,40.5211,17.249999999999886,40.52500000000072,"(161, 323)",30.072874069213867,30.08036
8.1598,45.6642,8.149999999999919,45.67500000000116,"(264, 232)",39.39043426513672,39.424725
14.9933,41.9981,14.949999999999894,41.97500000000085,"(190, 300)",34.70503234863281,34.70845
14.0333,41.4789,14.049999999999896,41.475000000000804,"(180, 291)",33.788238525390625,33.820644
8.2921,46.1276,8.24999999999992,46.1250000000012,"(273, 233)",38.68584442138672,38.781822
14.3956,37.1459,14.349999999999897,37.12500000000043,"(93, 294)",34.51347351074219,34.560287
17.1158,40.5919,17.149999999999892,40.57500000000073,"(162, 322)",35.94465255737305,35.95398
16.5603,40.8278,16.54999999999989,40.82500000000075,"(167, 316)",35.60108184814453,35.616257
17.9436,40.6508,17.94999999999989,40.675000000000736,"(164, 330)",40.46481704711914,40.457947
13.7094,42.6572,13.749999999999899,42.67500000000091,"(204, 288)",34.9528694152832,34.95719
14.2336,41.5972,14.249999999999899,41.57500000000081,"(182, 293)",37.78409576416016,37.816822
16.2917,41.2317,16.249999999999893,41.22500000000078,"(175, 313)",34.71491622924805,34.727432
8.4024,45.3189,8.449999999999916,45.32500000000113,"(257, 235)",29.452289581298828,29.479729
13.3022,38.1205,13.3499999999999,38.12500000000052,"(113, 284)",29.92158317565918,30.005362
15.1909,37.1561,15.149999999999894,37.17500000000044,"(94, 302)",34.974021911621094,35.012665
14.5256,41.4189,14.549999999999896,41.4250000000008,"(179, 296)",41.858341217041016,41.892242
8.4452,45.1361,8.449999999999916,45.125000000001116,"(253, 235)",29.2086124420166,29.249498
15.2205,37.2184,15.249999999999892,37.22500000000044,"(95, 303)",35.65480422973633,35.695263
18.0297,40.4044,18.049999999999883,40.425000000000715,"(159, 331)",35.18756484985352,35.18707
18.1736,40.1681,18.149999999999885,40.17500000000069,"(154, 332)",34.976436614990234,34.980633
8.0333,44.7037,8.049999999999917,44.72500000000108,"(245, 231)",33.41433334350586,33.463478
7.8375,45.0028,7.8499999999999215,45.02500000000111,"(251, 229)",31.02996253967285,31.065596
16.194,39.7138,16.149999999999892,39.725000000000655,"(145, 312)",38.73355484008789,38.77173
14.4812,41.4845,14.449999999999894,41.475000000000804,"(180, 295)",41.89611053466797,41.931953
17.3319,40.7008,17.349999999999888,40.72500000000074,"(165, 324)",37.6997184753418,37.705917
16.9197,40.9533,16.94999999999989,40.97500000000076,"(170, 320)",35.52326202392578,35.52775
15.3101,38.2056,15.349999999999893,38.22500000000053,"(115, 304)",37.86955261230469,37.934704
13.3316,38.1517,13.3499999999999,38.17500000000052,"(114, 284)",38.59053421020508,38.68296
13.688,37.9779,13.649999999999897,37.975000000000506,"(110, 287)",37.35596466064453,37.426407
13.3831,42.3642,13.3499999999999,42.37500000000088,"(198, 284)",36.55959701538086,36.595604
8.3103,44.808,8.349999999999918,44.82500000000109,"(247, 234)",32.512664794921875,32.574245
16.8658,41.0769,16.849999999999888,41.07500000000077,"(172, 319)",35.375465393066406,35.37722
12.2458,43.4569,12.249999999999906,43.475000000000975,"(220, 273)",35.74613571166992,35.810078
12.1867,44.4286,12.149999999999904,44.425000000001056,"(239, 272)",29.517112731933597,29.532045
10.4303,44.2997,10.449999999999909,44.27500000000104,"(236, 255)",41.78276062011719,41.894287
18.0951,40.3463,18.049999999999883,40.325000000000706,"(157, 331)",35.09101486206055,35.092796
9.8303,44.8239,9.849999999999914,44.82500000000109,"(247, 249)",35.64134979248047,35.703274
17.8464,40.4233,17.849999999999888,40.425000000000715,"(159, 329)",35.46580123901367,35.46862
12.5661,42.8047,12.549999999999903,42.82500000000092,"(207, 276)",35.615631103515625,35.670784
12.6117,43.2739,12.649999999999904,43.27500000000096,"(216, 277)",37.58479309082031,37.633457
11.6394,44.6622,11.649999999999904,44.67500000000108,"(244, 267)",28.99514961242676,28.999477
16.605,41.2003,16.649999999999892,41.22500000000078,"(175, 317)",42.17073440551758,42.17516
16.2314,39.075,16.249999999999893,39.0750000000006,"(132, 313)",38.45121765136719,38.49625
12.2392,44.1392,12.249999999999906,44.12500000000103,"(233, 273)",31.65225410461425,31.68727
11.4164,44.4722,11.449999999999909,44.47500000000106,"(240, 265)",29.581787109375,29.616138
12.4197,42.5519,12.449999999999902,42.5750000000009,"(202, 275)",34.60383987426758,34.664383
12.42,44.0131,12.449999999999902,44.02500000000102,"(231, 275)",33.57347869873047,33.601536
12.5363,45.8987,12.549999999999903,45.87500000000118,"(268, 276)",29.470067977905277,29.42164
16.4669,50.8466,16.44999999999989,50.8250000000016,"(367, 315)",33.55399703979492,34.109318
16.5144,50.5799,16.54999999999989,50.57500000000158,"(362, 316)",34.815895080566406,35.211826
16.2697,50.7687,16.249999999999893,50.7750000000016,"(366, 313)",33.8003044128418,34.46216
10.6967,60.7909,10.649999999999912,60.77500000000245,"(566, 257)",25.622297286987305,25.634783
13.5416,45.7276,13.5499999999999,45.72500000000117,"(265, 286)",35.40530776977539,35.383568
17.934,53.6621,17.94999999999989,53.675000000001845,"(424, 330)",31.945899963378903,32.25159
23.1494,52.0292,23.149999999999864,52.025000000001704,"(391, 382)",31.228626251220703,31.796246
17.6051,53.1384,17.649999999999885,53.1250000000018,"(413, 327)",31.372377395629883,31.793352
19.0793,52.6726,19.049999999999883,52.67500000000176,"(404, 341)",31.321678161621097,31.979456
23.5146,51.1309,23.54999999999987,51.12500000000163,"(373, 386)",30.78472328186035,31.15528
18.241,52.7931,18.249999999999886,52.77500000000177,"(406, 333)",29.90825080871582,30.606234
17.859,52.8229,17.849999999999888,52.82500000000177,"(407, 329)",31.70703125,32.072372
15.7397,50.7364,15.749999999999892,50.72500000000159,"(365, 308)",37.384559631347656,37.552696
18.6661,53.0286,18.649999999999885,53.02500000000179,"(411, 337)",30.015249252319336,30.921337
16.8198,50.5923,16.849999999999888,50.57500000000158,"(362, 319)",33.11001205444336,33.507023
17.9957,53.1341,17.94999999999989,53.1250000000018,"(413, 330)",28.845882415771484,29.951199
22.5517,51.2731,22.54999999999987,51.27500000000164,"(376, 376)",29.812408447265625,30.845768
23.2902,50.7166,23.249999999999865,50.72500000000159,"(365, 383)",31.44226455688477,32.0737
15.7656,50.9134,15.749999999999892,50.92500000000161,"(369, 308)",34.04275894165039,34.724686
19.4524,51.7776,19.449999999999882,51.77500000000168,"(386, 345)",30.06481170654297,31.733625
17.39,51.2175,17.349999999999888,51.225000000001636,"(375, 324)",30.309194564819336,30.910164
19.4348,51.7056,19.449999999999882,51.72500000000168,"(385, 345)",29.61238479614257,30.933937
19.3687,51.668,19.34999999999988,51.675000000001674,"(384, 344)",30.754682540893555,31.510046
15.7009,50.8712,15.749999999999892,50.875000000001606,"(368, 308)",35.18138885498047,35.708633
16.0978,51.657,16.04999999999989,51.675000000001674,"(384, 311)",30.438989639282227,31.11771
18.7809,52.8884,18.749999999999886,52.875000000001776,"(408, 338)",30.043716430664062,30.514791
16.0751,51.5024,16.04999999999989,51.52500000000166,"(381, 311)",31.53814697265625,32.031036
17.1411,51.1159,17.149999999999892,51.12500000000163,"(373, 322)",30.85889434814453,31.744604
19.2332,52.1433,19.24999999999988,52.12500000000171,"(393, 343)",31.055137634277344,31.448895
17.0127,51.0862,17.04999999999989,51.07500000000162,"(372, 321)",29.433618545532227,30.770214
15.5283,50.8227,15.549999999999892,50.8250000000016,"(367, 306)",37.23885726928711,37.527615
19.697,51.4044,19.649999999999878,51.42500000000165,"(379, 347)",27.98190689086914,28.559443
18.7525,53.4918,18.749999999999886,53.47500000000183,"(420, 338)",29.608015060424805,30.384314
18.6843,53.0806,18.649999999999885,53.07500000000179,"(412, 337)",30.647748947143555,31.170225
14.9168,50.941,14.949999999999894,50.92500000000161,"(369, 300)",33.52895736694336,33.927715
21.9611,51.419,21.949999999999875,51.42500000000165,"(379, 370)",30.973527908325195,31.586205
19.4512,51.064,19.449999999999882,51.07500000000162,"(372, 345)",30.46941947937012,31.02415
22.9979,50.5908,22.949999999999868,50.57500000000158,"(362, 380)",32.34904861450195,32.58262
15.5189,51.9398,15.549999999999892,51.925000000001695,"(389, 306)",30.548355102539062,31.38558
18.1321,53.1515,18.149999999999885,53.1750000000018,"(414, 332)",30.516122817993164,31.100306
16.5131,50.4158,16.54999999999989,50.42500000000157,"(359, 316)",34.34212875366211,34.659237
22.2283,50.9282,22.249999999999872,50.92500000000161,"(369, 373)",31.86344146728516,32.331608
19.5298,51.758,19.549999999999883,51.77500000000168,"(386, 346)",31.40968513488769,32.47963
16.3175,51.7997,16.349999999999888,51.77500000000168,"(386, 314)",31.28468894958496,31.695385
4.5076,52.1678,4.549999999999931,52.17500000000172,"(394, 196)",25.715044021606445,25.766256
19.8304,49.971,19.84999999999988,49.97500000000153,"(350, 349)",27.605865478515625,28.403591
22.5986,51.1635,22.54999999999987,51.17500000000163,"(374, 376)",32.14289855957031,32.577126
15.2287,52.7382,15.249999999999892,52.725000000001764,"(405, 303)",29.61069869995117,30.58731
19.9601,49.2936,19.949999999999875,49.27500000000147,"(336, 350)",39.478248596191406,39.754627
15.1224,52.4377,15.149999999999894,52.42500000000174,"(399, 302)",31.98643493652344,32.430576
19.9262,50.0577,19.949999999999875,50.07500000000154,"(352, 350)",26.304903030395508,28.234337
21.1633,49.6589,21.149999999999878,49.6750000000015,"(344, 362)",32.76886749267578,33.294037
21.9724,51.8144,21.949999999999875,51.82500000000169,"(387, 370)",31.994672775268555,32.338
15.9203,51.1239,15.949999999999891,51.12500000000163,"(373, 310)",32.34654235839844,32.849594
15.1278,51.6427,15.149999999999894,51.62500000000167,"(383, 302)",31.05937957763672,31.718372
15.2067,52.1722,15.249999999999892,52.17500000000172,"(394, 303)",32.18211364746094,32.56165
20.7144,49.6193,20.749999999999872,49.6250000000015,"(343, 358)",33.07876968383789,33.78485
19.5883,49.7406,19.549999999999883,49.72500000000151,"(345, 346)",35.544044494628906,35.885597
19.4775,50.1594,19.449999999999882,50.175000000001546,"(354, 345)",30.328636169433597,30.980654
19.9492,50.0106,19.949999999999875,50.02500000000153,"(351, 350)",26.144344329833984,27.527319
18.7173,51.5901,18.749999999999886,51.575000000001666,"(382, 338)",30.69113540649414,31.194786
19.5176,51.2912,19.549999999999883,51.27500000000164,"(376, 346)",30.03135108947754,30.376156
19.4212,51.8567,19.449999999999882,51.87500000000169,"(388, 345)",31.11711883544922,31.84974
21.0042,50.0202,21.049999999999876,50.02500000000153,"(351, 361)",28.46038055419922,29.169477
21.1168,49.6337,21.149999999999878,49.6250000000015,"(343, 362)",33.391700744628906,33.73594
20.0169,51.5262,20.049999999999876,51.52500000000166,"(381, 351)",31.02137756347656,31.683016
19.4151,53.2493,19.449999999999882,53.225000000001806,"(415, 345)",31.32687759399414,31.75896
20.4395,49.969,20.449999999999875,49.97500000000153,"(350, 355)",29.056299209594727,29.825779
20.0535,50.0693,20.049999999999876,50.07500000000154,"(352, 351)",26.602384567260746,28.237581
19.7561,51.7978,19.74999999999988,51.77500000000168,"(386, 348)",31.65416145324707,32.143604
20.8375,52.1917,20.849999999999874,52.17500000000172,"(394, 359)",27.407337188720703,28.280376
18.5818,51.2178,18.549999999999883,51.225000000001636,"(375, 336)",30.83304023742676,31.282434
18.9401,51.6014,18.949999999999882,51.62500000000167,"(383, 340)",31.559572219848636,32.10294
21.0511,49.8942,21.049999999999876,49.87500000000152,"(348, 361)",32.10948944091797,32.657513
20.4547,52.2859,20.449999999999875,52.275000000001725,"(396, 355)",30.88014411926269,31.314781
21.1475,51.3991,21.149999999999878,51.37500000000165,"(378, 362)",31.581951141357425,32.41268
20.9559,52.4076,20.949999999999875,52.42500000000174,"(399, 360)",30.499412536621097,31.284403
20.2585,50.007,20.24999999999988,50.02500000000153,"(351, 353)",28.648576736450195,29.341871
22.6259,51.78,22.64999999999987,51.77500000000168,"(386, 377)",31.14872169494629,31.54697
19.5699,50.2776,19.549999999999883,50.275000000001555,"(356, 346)",33.39508819580078,33.980484
21.5793,53.0837,21.54999999999987,53.07500000000179,"(412, 366)",30.451940536499023,31.044779
21.0338,52.1608,21.049999999999876,52.17500000000172,"(394, 361)",28.975305557250977,30.198324
20.9086,52.2264,20.949999999999875,52.22500000000172,"(395, 360)",24.10148811340332,26.199642
21.0425,52.2909,21.049999999999876,52.275000000001725,"(396, 361)",28.002147674560547,30.30517
20.4299,52.0538,20.449999999999875,52.07500000000171,"(392, 355)",29.678497314453125,30.277596
20.0822,50.2434,20.049999999999876,50.22500000000155,"(355, 351)",31.32804107666016,31.897955
19.2156,49.8769,19.24999999999988,49.87500000000152,"(348, 343)",32.54169845581055,33.20302
14.1511,66.3124,14.149999999999897,66.32500000000292,"(677, 292)",27.910053253173828,27.919678
20.933,52.2851,20.949999999999875,52.275000000001725,"(396, 360)",25.93415069580078,27.67835
10.4878,59.9524,10.449999999999909,59.97500000000238,"(550, 255)",29.76163673400879,29.787868
19.7268,50.025,19.74999999999988,50.02500000000153,"(351, 348)",28.70145034790039,29.481459
19.6877,52.5563,19.649999999999878,52.57500000000175,"(402, 347)",31.10757637023925,31.795738
21.1668,51.4061,21.149999999999878,51.42500000000165,"(379, 362)",30.197237014770508,31.166113
20.7919,51.8352,20.749999999999872,51.82500000000169,"(387, 358)",31.693342208862305,32.052593
19.4623,50.2662,19.449999999999882,50.275000000001555,"(356, 345)",32.18607711791992,32.698658
20.4241,49.6985,20.449999999999875,49.6750000000015,"(344, 355)",34.294315338134766,34.75853
22.282,52.1721,22.249999999999872,52.17500000000172,"(394, 373)",31.3641300201416,32.055508
19.7098,52.5509,19.74999999999988,52.57500000000175,"(402, 348)",30.35966682434082,30.964155
21.2373,52.1157,21.249999999999872,52.12500000000171,"(393, 363)",31.07449531555176,31.843872
20.4849,49.4259,20.449999999999875,49.42500000000148,"(339, 355)",34.08213806152344,34.294525
20.9926,50.0183,20.949999999999875,50.02500000000153,"(351, 360)",23.877687454223636,24.594147
19.3685,52.2344,19.34999999999988,52.22500000000172,"(395, 344)",30.17536163330078,30.78474
22.1125,50.5299,22.14999999999987,50.525000000001576,"(361, 372)",30.80470848083496,31.19531
19.9394,52.1058,19.949999999999875,52.12500000000171,"(393, 350)",30.12115478515625,30.637468
20.1495,51.9543,20.149999999999878,51.9750000000017,"(390, 352)",30.90485000610352,31.52044
20.3717,53.1119,20.34999999999988,53.1250000000018,"(413, 354)",31.28902053833008,31.801819
18.1207,50.4235,18.149999999999885,50.42500000000157,"(359, 332)",30.66249084472656,31.058817
21.7497,49.6902,21.749999999999872,49.6750000000015,"(344, 368)",32.39904022216797,32.917133
23.1559,53.1267,23.149999999999864,53.1250000000018,"(413, 382)",29.37334251403809,30.885775
18.2366,50.3496,18.249999999999886,50.32500000000156,"(357, 333)",31.676130294799805,32.136776
20.2892,51.3758,20.24999999999988,51.37500000000165,"(378, 353)",30.881547927856445,31.315556
21.0148,52.2252,21.049999999999876,52.22500000000172,"(395, 361)",27.684307098388672,29.570179
17.9503,50.6769,17.94999999999989,50.67500000000159,"(364, 330)",29.71875,30.527674
21.2882,52.9432,21.249999999999872,52.92500000000178,"(409, 363)",31.167593002319336,31.492682
19.8954,50.0812,19.84999999999988,50.07500000000154,"(352, 349)",26.36328887939453,27.182049
22.9346,54.1179,22.949999999999868,54.12500000000188,"(433, 380)",31.03261375427246,31.543781
23.5861,52.7395,23.54999999999987,52.725000000001764,"(405, 386)",32.09172058105469,32.41089
19.9381,49.8349,19.949999999999875,49.825000000001516,"(347, 350)",30.67528343200684,31.30523
21.4712,50.304,21.449999999999875,50.32500000000156,"(357, 365)",30.03595352172852,30.632483
20.2508,51.7609,20.24999999999988,51.77500000000168,"(386, 353)",30.07276725769043,30.538986
21.4546,49.7449,21.449999999999875,49.72500000000151,"(345, 365)",31.048433303833008,31.546066
18.4099,54.7936,18.449999999999882,54.77500000000194,"(446, 335)",35.26551818847656,35.53136
18.2076,50.9722,18.249999999999886,50.975000000001614,"(370, 333)",31.861068725585938,32.25877
22.7562,49.7843,22.749999999999872,49.77500000000151,"(346, 378)",31.807525634765625,32.345802
18.2394,54.6011,18.249999999999886,54.625000000001926,"(443, 333)",31.745399475097656,32.342274
17.7462,54.5462,17.749999999999886,54.52500000000192,"(441, 328)",32.03247833251953,32.51488
17.9759,54.1207,17.94999999999989,54.12500000000188,"(433, 330)",31.5854606628418,32.00919
22.0544,53.1814,22.04999999999987,53.1750000000018,"(414, 371)",30.48173713684082,31.164812
17.0467,54.4636,17.04999999999989,54.47500000000191,"(440, 321)",31.403640747070316,32.187115
20.2711,50.8083,20.24999999999988,50.8250000000016,"(367, 353)",30.893939971923828,31.240067
17.8165,50.2009,17.849999999999888,50.22500000000155,"(355, 329)",32.542816162109375,32.823517
23.2299,53.1386,23.249999999999865,53.1250000000018,"(413, 383)",30.909469604492188,31.525717
18.5276,53.9657,18.549999999999883,53.97500000000187,"(430, 336)",30.04597282409668,30.680704
18.6575,54.4008,18.649999999999885,54.42500000000191,"(439, 337)",29.784622192382812,30.300577
22.0106,50.0242,22.04999999999987,50.02500000000153,"(351, 371)",31.26631546020508,32.04427
17.4581,54.6938,17.44999999999989,54.67500000000193,"(444, 325)",33.02394485473633,33.279015
21.6884,50.5757,21.64999999999987,50.57500000000158,"(362, 367)",30.94767951965332,31.506277
18.183,54.1041,18.149999999999885,54.12500000000188,"(433, 332)",31.925451278686523,32.256218
18.5578,54.3283,18.549999999999883,54.3250000000019,"(437, 336)",27.98797035217285,28.497087
18.9369,53.7224,18.949999999999882,53.72500000000185,"(425, 340)",28.742902755737305,29.33385
19.0329,54.0312,19.049999999999883,54.025000000001874,"(431, 341)",29.338525772094727,29.92656
18.6203,54.3803,18.649999999999885,54.375000000001904,"(438, 337)",26.26521873474121,27.291624
18.5398,54.508,18.549999999999883,54.52500000000192,"(441, 336)",27.04697608947754,27.541672
20.605,50.8725,20.649999999999878,50.875000000001606,"(368, 357)",30.447933197021484,31.575476
18.4649,54.4658,18.449999999999882,54.47500000000191,"(440, 335)",30.362529754638672,30.855515
21.2774,50.429,21.249999999999872,50.42500000000157,"(359, 363)",30.42507743835449,30.865416
19.0273,49.8135,19.049999999999883,49.825000000001516,"(347, 341)",32.03383255004883,33.17512
22.6748,50.0121,22.64999999999987,50.02500000000153,"(351, 377)",30.404788970947266,30.936453
21.4986,49.5113,21.449999999999875,49.52500000000149,"(341, 365)",34.193477630615234,34.347103
18.5797,54.4317,18.549999999999883,54.42500000000191,"(439, 336)",30.125919342041016,30.967999
21.4163,50.0548,21.449999999999875,50.07500000000154,"(352, 365)",29.72336769104004,30.294514
18.4169,50.877,18.449999999999882,50.875000000001606,"(368, 335)",32.30875396728516,32.661106
17.3319,50.459,17.349999999999888,50.47500000000157,"(360, 324)",31.479846954345703,32.039566
17.5345,54.7541,17.549999999999883,54.77500000000194,"(446, 326)",35.874549865722656,36.11263
18.4933,54.5608,18.449999999999882,54.57500000000192,"(442, 335)",31.32503128051757,31.956696
20.7156,50.4536,20.749999999999872,50.47500000000157,"(360, 358)",30.77945327758789,31.24123
18.7011,54.3678,18.749999999999886,54.375000000001904,"(438, 338)",29.616439819335938,30.120945
18.975,50.2646,18.949999999999882,50.275000000001555,"(356, 340)",26.717288970947266,27.879696
18.7875,54.0858,18.749999999999886,54.07500000000188,"(432, 338)",28.7839298248291,29.403896
19.2312,50.3291,19.24999999999988,50.32500000000156,"(357, 343)",26.27731132507324,27.068893
23.6422,53.2155,23.649999999999864,53.225000000001806,"(415, 387)",31.879926681518555,32.065117
21.053,50.8623,21.049999999999876,50.875000000001606,"(368, 361)",32.9527702331543,33.335655
20.5335,50.8231,20.549999999999876,50.8250000000016,"(367, 356)",31.261653900146484,31.720606
18.4555,50.0076,18.449999999999882,50.02500000000153,"(351, 335)",29.721080780029297,30.355963
18.7724,50.3165,18.749999999999886,50.32500000000156,"(357, 338)",28.38000106811523,29.355234
19.1301,50.8364,19.149999999999878,50.8250000000016,"(367, 342)",29.30834007263184,30.162182
22.0381,54.1248,22.04999999999987,54.12500000000188,"(433, 371)",33.236141204833984,33.455826
19.0195,50.2468,19.049999999999883,50.22500000000155,"(355, 341)",27.679912567138672,28.402912
18.1999,54.3342,18.149999999999885,54.3250000000019,"(437, 332)",32.90110397338867,33.293373
19.5649,53.5879,19.549999999999883,53.575000000001836,"(422, 346)",31.45850372314453,31.971535
19.4588,50.7109,19.449999999999882,50.72500000000159,"(365, 345)",32.90439224243164,33.250404
16.9595,52.3982,16.94999999999989,52.375000000001734,"(398, 320)",30.46405029296875,31.401672
14.6633,53.381,14.649999999999897,53.37500000000182,"(418, 297)",29.85367202758789,30.667685
18.8296,50.4447,18.84999999999988,50.42500000000157,"(359, 339)",29.745948791503903,30.49116
16.8773,52.4203,16.849999999999888,52.42500000000174,"(399, 319)",30.422334671020508,31.566652
17.0742,52.2767,17.04999999999989,52.275000000001725,"(396, 321)",31.027019500732425,31.50563
20.4861,53.7892,20.449999999999875,53.77500000000185,"(426, 355)",30.731468200683597,31.710167
16.7596,53.1544,16.749999999999886,53.1750000000018,"(414, 318)",31.30203628540039,31.88953
-9.0811,38.6194,-9.05000000000002,38.62500000000056,"(123, 60)",32.86821365356445,32.89249
19.433,50.4795,19.449999999999882,50.47500000000157,"(360, 345)",32.05842208862305,32.69784
19.2344,49.6716,19.24999999999988,49.6750000000015,"(344, 343)",34.7868537902832,35.223057
18.0491,51.748,18.049999999999883,51.72500000000168,"(385, 331)",31.26939582824707,31.78143
17.8233,51.6376,17.849999999999888,51.62500000000167,"(383, 329)",31.327863693237305,31.850716
18.8267,49.7197,18.84999999999988,49.72500000000151,"(345, 339)",34.65605163574219,34.983143
18.6962,50.6584,18.649999999999885,50.67500000000159,"(364, 337)",31.50530815124512,31.930231
18.6557,50.2795,18.649999999999885,50.275000000001555,"(356, 337)",28.548871994018555,29.30023
18.5161,50.1112,18.549999999999883,50.12500000000154,"(353, 336)",30.53726959228516,31.17066
14.8628,52.9263,14.849999999999893,52.92500000000178,"(409, 299)",30.92512321472168,31.432852
14.5539,53.4322,14.549999999999896,53.42500000000182,"(419, 296)",29.44185256958008,31.007568
18.66,50.1638,18.649999999999885,50.175000000001546,"(354, 337)",30.27214241027832,30.836006
18.6912,50.0287,18.649999999999885,50.02500000000153,"(351, 337)",27.922771453857425,28.56881
17.7732,52.5013,17.749999999999886,52.52500000000175,"(401, 328)",31.63593864440918,32.050323
18.6557,50.2332,18.649999999999885,50.22500000000155,"(355, 337)",29.48030662536621,30.128267
22.3077,54.3059,22.349999999999866,54.3250000000019,"(437, 374)",32.66572570800781,32.907673
20.422,53.3611,20.449999999999875,53.37500000000182,"(418, 355)",31.62906265258789,32.02876
14.3822,53.1223,14.349999999999897,53.1250000000018,"(413, 294)",30.48593139648437,31.221003
19.9698,53.6925,19.949999999999875,53.675000000001845,"(424, 350)",31.185714721679688,31.630888
21.0842,51.0506,21.049999999999876,51.07500000000162,"(372, 361)",32.641883850097656,33.10608
19.3267,50.5797,19.34999999999988,50.57500000000158,"(362, 344)",32.2022590637207,32.716488
18.9902,50.0999,18.949999999999882,50.07500000000154,"(352, 340)",30.32991409301757,30.899097
-9.1175,38.8947,-9.15000000000002,38.87500000000058,"(128, 59)",34.86493682861328,34.89132
-9.1081,38.7689,-9.15000000000002,38.775000000000574,"(126, 59)",26.580080032348636,26.605198
18.2689,52.2257,18.249999999999886,52.22500000000172,"(395, 333)",30.99703598022461,31.695902
20.9586,52.3145,20.949999999999875,52.32500000000173,"(397, 360)",28.95025634765625,30.005259
19.4109,54.1678,19.449999999999882,54.17500000000189,"(434, 345)",30.016712188720703,30.878164
21.2961,53.8661,21.249999999999872,53.87500000000186,"(428, 363)",32.62677383422852,32.94939
16.7046,53.6989,16.749999999999886,53.675000000001845,"(424, 318)",30.55573272705078,30.897161
19.1844,50.286,19.149999999999878,50.275000000001555,"(356, 342)",27.44794654846191,28.781384
18.9472,49.9722,18.949999999999882,49.97500000000153,"(350, 340)",30.21949577331543,30.91765
16.6459,52.4674,16.649999999999892,52.47500000000174,"(400, 317)",30.60792350769043,31.07872
17.6122,52.5393,17.649999999999885,52.52500000000175,"(401, 327)",30.83261489868164,31.391747
16.6925,53.7121,16.649999999999892,53.72500000000185,"(425, 317)",31.390050888061523,31.834398
-8.8381,37.9542,-8.850000000000021,37.975000000000506,"(110, 62)",35.6312141418457,35.657013
16.1725,54.194,16.149999999999892,54.17500000000189,"(434, 312)",30.779842376708984,31.411407
16.1932,54.2072,16.149999999999892,54.22500000000189,"(435, 312)",31.164703369140625,31.675125
-8.7239,37.8711,-8.750000000000021,37.8750000000005,"(108, 63)",36.3972282409668,36.42202
-9.1489,38.7486,-9.15000000000002,38.72500000000057,"(125, 59)",30.08870315551757,30.114176
-9.2456,39.2783,-9.25000000000002,39.27500000000062,"(136, 58)",35.32917404174805,35.359646
14.5563,53.4709,14.549999999999896,53.47500000000183,"(420, 296)",29.911518096923828,30.968771
-8.8942,38.5242,-8.850000000000021,38.52500000000055,"(121, 62)",32.858360290527344,32.880825
-8.6975,38.02,-8.650000000000022,38.02500000000051,"(111, 64)",37.536014556884766,37.559616
-9.2103,38.705,-9.25000000000002,38.72500000000057,"(125, 58)",34.218772888183594,34.245346
-9.42,38.6997,-9.450000000000019,38.675000000000566,"(124, 56)",38.37286376953125,38.402794
-7.3019,40.2331,-7.350000000000026,40.2250000000007,"(155, 77)",36.43998718261719,36.460785
-9.2308,38.7542,-9.25000000000002,38.775000000000574,"(126, 58)",35.354347229003906,35.381428
-9.3233,38.6975,-9.35000000000002,38.675000000000566,"(124, 57)",36.95985794067383,36.988346
-8.7131,41.2322,-8.750000000000021,41.22500000000078,"(175, 63)",32.888797760009766,32.92275
-8.5672,40.7586,-8.550000000000022,40.775000000000745,"(166, 65)",30.121967315673828,30.148983
-8.7986,38.0769,-8.750000000000021,38.075000000000514,"(112, 63)",36.009796142578125,36.033546
-8.4661,39.3525,-8.450000000000022,39.375000000000625,"(138, 66)",33.956939697265625,33.97958
-9.1822,38.8022,-9.15000000000002,38.82500000000058,"(127, 59)",35.55712890625,35.58362
-8.1006,40.6411,-8.150000000000023,40.62500000000073,"(163, 69)",35.40667724609375,35.431046
-8.8917,39.9239,-8.850000000000021,39.92500000000067,"(149, 62)",33.398719787597656,33.430016
-8.6906,38.6356,-8.650000000000022,38.62500000000056,"(123, 64)",34.55320358276367,34.574184
16.1422,52.3167,16.149999999999892,52.32500000000173,"(397, 312)",30.949153900146484,31.441378
-8.6606,41.2522,-8.650000000000022,41.27500000000079,"(176, 64)",28.655067443847656,28.685638
17.7911,51.8849,17.749999999999886,51.87500000000169,"(388, 328)",31.85747528076172,32.294167
-9.3472,38.785,-9.35000000000002,38.775000000000574,"(126, 57)",35.81840515136719,35.846504
-8.6447,41.1997,-8.650000000000022,41.17500000000078,"(174, 64)",27.42792510986328,27.45962
-8.5528,41.2067,-8.550000000000022,41.22500000000078,"(175, 65)",29.309988021850582,29.34033
-9.1578,38.6636,-9.15000000000002,38.675000000000566,"(124, 59)",29.55772018432617,29.58337
-8.4108,40.2069,-8.450000000000022,40.2250000000007,"(155, 66)",29.56932258605957,29.595821
-9.0478,38.6667,-9.05000000000002,38.675000000000566,"(124, 60)",35.270790100097656,35.29679
22.1959,49.5717,22.14999999999987,49.575000000001495,"(342, 372)",33.13939666748047,33.50661
-8.4569,41.5694,-8.450000000000022,41.57500000000081,"(182, 66)",31.797292709350582,31.826677
-7.3975,38.615,-7.350000000000026,38.62500000000056,"(123, 77)",34.28619384765625,34.303432
-7.9267,37.015,-7.950000000000024,37.025000000000425,"(91, 71)",35.3826789855957,35.413876
-9.0403,38.8961,-9.05000000000002,38.87500000000058,"(128, 60)",33.44173049926758,33.46742
-7.6786,37.3125,-7.650000000000025,37.32500000000045,"(97, 74)",36.6495246887207,36.67478
-8.3761,41.2742,-8.350000000000023,41.27500000000079,"(176, 67)",29.845890045166016,29.873848
-8.7208,41.3086,-8.750000000000021,41.32500000000079,"(177, 63)",33.938114166259766,33.972576
-8.5894,41.1644,-8.550000000000022,41.17500000000078,"(174, 65)",28.52604484558105,28.556282
-8.6467,40.6356,-8.650000000000022,40.62500000000073,"(163, 64)",31.6597843170166,31.691431
26.125,44.3839,26.149999999999856,44.37500000000105,"(238, 412)",28.905000686645508,28.610176
26.0336,44.4195,26.049999999999855,44.425000000001056,"(239, 411)",25.60814094543457,25.34723
-7.7908,41.3714,-7.750000000000025,41.375000000000796,"(178, 73)",39.23915481567383,39.27101
-8.6706,40.5897,-8.650000000000022,40.57500000000073,"(162, 64)",31.245092391967773,31.27598
26.0308,44.3492,26.049999999999855,44.32500000000105,"(237, 411)",30.276796340942383,30.137451
-8.4608,41.3539,-8.450000000000022,41.375000000000796,"(178, 66)",30.009035110473636,30.03789
-8.6767,40.1828,-8.650000000000022,40.17500000000069,"(154, 64)",31.348094940185547,31.37622
23.6156,46.7783,23.649999999999864,46.775000000001256,"(286, 387)",28.41660499572754,28.059532
-8.6186,41.2356,-8.650000000000022,41.22500000000078,"(175, 64)",24.071176528930664,24.100788
-8.3381,41.2075,-8.350000000000023,41.22500000000078,"(175, 67)",30.69000816345215,30.71829
-8.6589,41.1475,-8.650000000000022,41.125000000000774,"(173, 64)",31.977296829223636,32.010784
-8.4058,41.5497,-8.450000000000022,41.52500000000081,"(181, 66)",30.63929557800293,30.668762
23.5503,46.7654,23.54999999999987,46.775000000001256,"(286, 386)",30.19642448425293,30.044405
27.3137,44.2042,27.349999999999852,44.22500000000104,"(235, 424)",30.924585342407227,30.406343
-8.6233,40.9994,-8.650000000000022,40.97500000000076,"(170, 64)",33.07474136352539,33.10691
-8.2497,37.0917,-8.250000000000023,37.07500000000043,"(92, 68)",38.35122299194336,38.382442
27.5819,47.151,27.549999999999855,47.17500000000129,"(294, 426)",31.225900650024418,31.208763
26.6585,47.7399,26.649999999999856,47.72500000000134,"(305, 417)",31.779930114746097,31.704842
23.5599,45.9664,23.54999999999987,45.97500000000119,"(270, 386)",29.116235733032227,28.940132
23.2264,46.1096,23.249999999999865,46.1250000000012,"(273, 383)",37.97761535644531,38.024475
21.6607,50.8871,21.64999999999987,50.875000000001606,"(368, 367)",30.57134246826172,30.944742
27.6111,47.2133,27.64999999999985,47.225000000001295,"(295, 427)",32.633384704589844,32.629986
21.3025,46.1905,21.349999999999874,46.175000000001205,"(274, 364)",28.257740020751957,27.750301
25.0074,44.8634,25.049999999999862,44.875000000001094,"(248, 401)",34.994422912597656,34.90983
25.8044,45.8751,25.84999999999986,45.87500000000118,"(268, 409)",35.06571960449219,34.989796
24.7613,44.9788,24.749999999999858,44.9750000000011,"(250, 398)",34.41813278198242,34.37877
23.5635,46.0643,23.54999999999987,46.0750000000012,"(272, 386)",32.12692642211914,32.009865
24.8546,44.8701,24.84999999999986,44.875000000001094,"(248, 399)",30.31947326660156,30.222126
27.6931,47.1357,27.64999999999985,47.125000000001286,"(293, 427)",32.75996398925781,32.66295
26.1608,44.418,26.149999999999856,44.425000000001056,"(239, 412)",26.72872734069824,26.439102
28.5826,43.8151,28.549999999999848,43.825000000001005,"(227, 436)",35.66747283935547,35.59019
28.6238,44.1494,28.64999999999985,44.12500000000103,"(233, 437)",31.30368423461914,31.100636
25.616,45.6594,25.649999999999856,45.67500000000116,"(264, 407)",31.60882568359375,31.415798
20.7366,46.1668,20.749999999999872,46.175000000001205,"(274, 358)",31.317556381225582,31.319412
25.6242,45.7181,25.649999999999856,45.72500000000117,"(265, 407)",32.7390022277832,32.67386
23.7337,44.3866,23.749999999999865,44.37500000000105,"(238, 388)",31.274145126342773,30.64735
26.9107,46.5644,26.949999999999854,46.57500000000124,"(282, 420)",31.002010345458984,30.960033
23.7787,44.3268,23.749999999999865,44.32500000000105,"(237, 388)",30.11992645263672,29.41651
27.7687,47.2156,27.74999999999985,47.225000000001295,"(295, 428)",32.45637512207031,32.45314
-8.5558,41.0967,-8.550000000000022,41.07500000000077,"(172, 65)",28.637767791748047,28.66677
28.0344,45.4742,28.049999999999848,45.475000000001145,"(260, 431)",33.47780990600586,33.217293
-8.5422,37.1383,-8.550000000000022,37.12500000000043,"(93, 65)",37.13132095336914,37.161068
28.6362,44.178,28.64999999999985,44.175000000001035,"(234, 437)",34.267086029052734,34.034576
24.4955,47.1274,24.44999999999986,47.125000000001286,"(293, 395)",30.67588996887207,30.584444
28.006,45.4119,28.049999999999848,45.42500000000114,"(259, 431)",32.112117767333984,31.779629
21.9272,47.0687,21.949999999999875,47.07500000000128,"(292, 370)",30.29764747619629,30.239534
26.7929,46.2566,26.749999999999858,46.275000000001214,"(276, 418)",33.71124649047852,33.70126
25.9721,43.9115,25.94999999999986,43.92500000000101,"(229, 410)",30.38125801086425,30.36873
23.8062,44.3186,23.849999999999866,44.32500000000105,"(237, 389)",30.710952758789062,30.22874
22.2432,45.3631,22.249999999999872,45.37500000000114,"(258, 373)",34.84286117553711,34.902363
28.6103,44.3196,28.64999999999985,44.32500000000105,"(237, 437)",35.63474655151367,34.917393
27.9695,45.2631,27.949999999999847,45.27500000000113,"(256, 430)",31.385498046875,31.010962
28.2717,44.2457,28.24999999999985,44.22500000000104,"(235, 433)",32.365840911865234,32.154602
17.2084,52.8153,17.249999999999886,52.82500000000177,"(407, 323)",31.364160537719727,31.820013
26.8186,45.1541,26.849999999999852,45.17500000000112,"(254, 419)",33.347801208496094,33.321514
23.1709,44.8972,23.149999999999864,44.875000000001094,"(248, 382)",32.540016174316406,32.402657
27.8892,45.2709,27.849999999999852,45.27500000000113,"(256, 429)",32.31366729736328,32.15424
27.6127,47.1578,27.64999999999985,47.17500000000129,"(294, 427)",32.063209533691406,32.02595
16.9062,52.4592,16.94999999999989,52.47500000000174,"(400, 320)",30.96729850769043,31.779396
22.9917,45.7347,22.949999999999868,45.72500000000117,"(265, 380)",31.239356994628903,31.192915
23.3736,44.6806,23.349999999999866,44.67500000000108,"(244, 384)",33.36884307861328,33.130623
22.3319,47.0438,22.349999999999866,47.02500000000128,"(291, 374)",32.40387344360352,29.724182
26.3893,46.9341,26.349999999999852,46.92500000000127,"(289, 414)",33.53643035888672,33.391502
26.0341,46.8987,26.049999999999855,46.875000000001265,"(288, 411)",34.60599136352539,32.945827
25.8113,46.3267,25.84999999999986,46.32500000000122,"(277, 409)",34.18828582763672,34.22162
25.6307,45.6377,25.649999999999856,45.62500000000116,"(263, 407)",34.750247955322266,34.65825
21.6335,44.7233,21.64999999999987,44.72500000000108,"(245, 367)",36.116817474365234,36.114624
22.8987,45.8959,22.849999999999866,45.87500000000118,"(268, 379)",31.18519401550293,30.847115
26.0258,44.9392,26.049999999999855,44.9250000000011,"(249, 411)",29.386756896972656,28.73652
21.8721,45.2993,21.849999999999874,45.27500000000113,"(256, 369)",36.52246856689453,36.556576
21.919,43.3226,21.949999999999875,43.32500000000096,"(217, 370)",32.293975830078125,32.3033
21.2671,45.2579,21.249999999999872,45.27500000000113,"(256, 363)",30.97896957397461,31.019897
28.7869,45.1795,28.749999999999844,45.17500000000112,"(254, 438)",34.75688552856445,34.671215
23.5549,47.6521,23.54999999999987,47.67500000000133,"(304, 386)",34.189903259277344,34.14615
22.3527,45.5186,22.349999999999866,45.52500000000115,"(261, 374)",36.23404693603515,36.329666
23.047,47.1951,23.04999999999987,47.17500000000129,"(294, 381)",31.773113250732425,31.722982
20.454,45.8215,20.449999999999875,45.825000000001175,"(267, 355)",31.088638305664062,31.113066
24.3514,44.4295,24.349999999999866,44.425000000001056,"(239, 394)",31.256074905395508,31.028227
26.0369,43.9634,26.049999999999855,43.97500000000102,"(230, 411)",30.986906051635746,30.999376
23.274,45.0502,23.249999999999865,45.07500000000111,"(252, 383)",36.2381591796875,36.075394
19.3025,49.079,19.34999999999988,49.07500000000145,"(332, 344)",33.52437210083008,33.570778
27.3661,44.565,27.349999999999852,44.57500000000107,"(242, 424)",31.847654342651367,31.750471
23.6053,47.7515,23.649999999999864,47.77500000000134,"(306, 387)",38.93059921264648,38.969322
24.1535,45.785,24.149999999999864,45.77500000000117,"(266, 392)",30.157793045043945,30.14839
16.605,51.8405,16.649999999999892,51.82500000000169,"(387, 317)",32.30543899536133,32.745445
26.0152,44.9838,26.049999999999855,44.9750000000011,"(250, 411)",30.91794204711914,30.64799
25.3125,43.9804,25.34999999999986,43.97500000000102,"(230, 404)",30.927227020263672,30.906773
24.2986,45.0388,24.249999999999865,45.02500000000111,"(251, 393)",32.76619338989258,32.106323
26.0235,44.8495,26.049999999999855,44.82500000000109,"(247, 411)",30.716869354248047,30.2886
28.1011,46.6774,28.14999999999985,46.67500000000125,"(284, 432)",33.242645263671875,33.244896
24.2281,46.1128,24.249999999999865,46.1250000000012,"(273, 393)",31.281932830810547,30.525312
22.8762,47.7975,22.849999999999866,47.77500000000134,"(306, 379)",28.570083618164062,28.48544
22.4585,47.6897,22.449999999999868,47.67500000000133,"(304, 375)",29.938953399658203,29.894331
20.6531,44.8675,20.649999999999878,44.875000000001094,"(248, 357)",30.95560646057129,30.983063
25.1348,47.3247,25.149999999999864,47.3250000000013,"(297, 402)",36.84668350219727,36.909588
21.9477,43.404,21.949999999999875,43.42500000000097,"(219, 370)",35.24736785888672,35.26053
24.3698,45.0827,24.349999999999866,45.07500000000111,"(252, 394)",32.57159423828125,32.42505
22.9086,45.8714,22.949999999999868,45.87500000000118,"(268, 380)",29.322904586791992,28.860746
20.4502,44.7987,20.449999999999875,44.775000000001086,"(246, 355)",31.627140045166016,31.650583
26.249,47.6493,26.249999999999858,47.62500000000133,"(303, 413)",32.80023956298828,32.771503
19.819,45.2626,19.84999999999988,45.27500000000113,"(256, 349)",31.38572120666504,31.405085
26.0681,47.9532,26.049999999999855,47.97500000000136,"(310, 411)",32.037986755371094,32.038338
21.2349,45.7547,21.249999999999872,45.77500000000117,"(266, 363)",28.562641143798828,28.505058
21.2048,45.7279,21.249999999999872,45.72500000000117,"(265, 363)",28.83755874633789,28.767315
21.1518,45.9134,21.149999999999878,45.925000000001184,"(269, 362)",30.767616271972656,30.764376
21.1734,44.7175,21.149999999999878,44.72500000000108,"(245, 362)",31.32808303833008,31.352192
19.899,44.273,19.84999999999988,44.27500000000104,"(236, 349)",34.10268020629883,34.105724
20.4002,44.8032,20.449999999999875,44.82500000000109,"(247, 355)",30.436622619628903,30.461044
26.6515,44.723,26.649999999999856,44.72500000000108,"(245, 417)",31.78687858581543,31.712996
27.7309,46.6321,27.74999999999985,46.62500000000124,"(283, 428)",33.38816833496094,33.33971
24.5596,46.541,24.549999999999862,46.525000000001235,"(281, 396)",23.74765968322754,19.908182
20.9317,44.6523,20.949999999999875,44.67500000000108,"(244, 360)",31.444677352905277,31.475319
17.1255,48.1247,17.149999999999892,48.12500000000137,"(313, 322)",23.573219299316406,23.56534
27.2116,45.6967,27.24999999999985,45.67500000000116,"(264, 423)",32.13163757324219,32.117493
18.1406,48.2831,18.149999999999885,48.275000000001384,"(316, 332)",32.02008819580078,32.050777
17.1289,48.1584,17.149999999999892,48.175000000001376,"(314, 322)",31.050460815429688,31.061405
24.3077,46.3338,24.349999999999866,46.32500000000122,"(277, 394)",31.4093017578125,31.20807
19.1549,48.7352,19.149999999999878,48.72500000000142,"(325, 342)",34.120731353759766,34.16654
18.9214,49.0597,18.949999999999882,49.07500000000145,"(332, 340)",33.9605712890625,34.01073
18.5141,48.667,18.549999999999883,48.67500000000142,"(324, 336)",34.07120895385742,34.109917
15.6513,46.5589,15.64999999999989,46.57500000000124,"(282, 307)",30.4776611328125,30.45751
21.2854,48.6902,21.249999999999872,48.67500000000142,"(324, 363)",29.56038475036621,29.59124
20.8741,48.9156,20.849999999999874,48.92500000000144,"(329, 359)",33.78458023071289,33.828617
21.2668,48.9925,21.249999999999872,48.975000000001444,"(330, 363)",31.574966430664062,31.617321
14.5127,46.0655,14.549999999999896,46.0750000000012,"(272, 296)",25.543039321899418,25.516022
24.9018,43.758,24.94999999999986,43.775000000001,"(226, 400)",31.864913940429688,31.900469
18.0413,48.8965,18.049999999999883,48.875000000001435,"(328, 331)",32.95022201538086,32.988907
21.8931,45.6945,21.849999999999874,45.67500000000116,"(264, 369)",30.170005798339844,30.193687
21.2588,48.7263,21.249999999999872,48.72500000000142,"(325, 363)",28.943891525268555,28.971151
18.8425,48.5996,18.84999999999988,48.57500000000141,"(322, 339)",32.324256896972656,32.361767
25.0797,45.2856,25.049999999999862,45.27500000000113,"(256, 401)",35.8228874206543,35.15053
18.0768,48.3095,18.049999999999883,48.32500000000139,"(317, 331)",31.472883224487305,31.503422
17.019,48.4369,17.04999999999989,48.4250000000014,"(319, 321)",33.37883377075195,33.40036
14.8581,45.5611,14.849999999999893,45.575000000001154,"(262, 299)",37.05601119995117,37.054577
19.9516,48.5839,19.949999999999875,48.57500000000141,"(322, 350)",34.62616729736328,34.663197
-8.6939,41.8022,-8.650000000000022,41.825000000000834,"(187, 64)",34.25870513916016,34.288868
18.7564,48.7331,18.749999999999886,48.72500000000142,"(325, 338)",35.97878646850586,36.020878
17.8601,47.9594,17.849999999999888,47.97500000000136,"(310, 329)",31.18113136291504,31.202185
15.2625,46.2345,15.249999999999892,46.22500000000121,"(275, 303)",31.49918365478516,31.481651
21.6876,48.8864,21.64999999999987,48.875000000001435,"(328, 367)",32.128562927246094,32.165535
21.9137,48.9309,21.949999999999875,48.92500000000144,"(329, 370)",33.0823860168457,33.105293
20.925,44.0116,20.949999999999875,44.02500000000102,"(231, 360)",32.31684112548828,32.327984
15.0833,46.1439,15.049999999999896,46.1250000000012,"(273, 301)",35.522483825683594,35.507515
18.6281,48.7827,18.649999999999885,48.77500000000143,"(326, 337)",34.01622009277344,34.05863
13.6524,45.9556,13.649999999999897,45.97500000000119,"(270, 287)",36.2960319519043,36.280666
22.1014,44.0599,22.14999999999987,44.075000000001026,"(232, 372)",35.63187789916992,35.642986
13.7135,45.543,13.749999999999899,45.52500000000115,"(261, 288)",32.85526657104492,32.839394
14.8695,46.4853,14.849999999999893,46.47500000000123,"(280, 299)",36.65523910522461,36.622475
14.4713,46.0483,14.449999999999894,46.02500000000119,"(271, 295)",29.759056091308597,29.742208
15.1119,46.3603,15.149999999999894,46.37500000000122,"(278, 302)",34.474205017089844,34.4507
21.8966,42.5511,21.849999999999874,42.5750000000009,"(202, 369)",37.04921722412109,37.060596
22.26,49.0428,22.249999999999872,49.02500000000145,"(331, 373)",36.109107971191406,36.146263
15.1773,45.8018,15.149999999999894,45.825000000001175,"(267, 302)",29.64561653137207,29.636719
21.1752,48.5921,21.149999999999878,48.57500000000141,"(322, 362)",29.76053237915039,29.790482
25.5831,45.6522,25.549999999999855,45.67500000000116,"(264, 406)",31.92990493774414,31.709953
17.5849,48.3712,17.549999999999883,48.37500000000139,"(318, 326)",30.329370498657227,30.355276
-0.9161,41.6514,-0.950000000000049,41.67500000000082,"(184, 141)",30.316186904907227,30.457369
17.3632,48.6806,17.349999999999888,48.67500000000142,"(324, 324)",33.334407806396484,33.366432
20.2404,48.6312,20.24999999999988,48.625000000001414,"(323, 353)",32.677268981933594,32.712055
19.5892,48.9435,19.549999999999883,48.92500000000144,"(329, 346)",37.66574096679688,37.714016
20.2895,49.1514,20.24999999999988,49.17500000000146,"(334, 353)",39.49394989013672,39.535458
-0.8936,41.6353,-0.8500000000000494,41.62500000000082,"(183, 142)",30.657020568847656,30.795565
16.1913,46.6521,16.149999999999892,46.67500000000125,"(284, 312)",30.212810516357425,30.20648
18.7712,49.2114,18.749999999999886,49.225000000001465,"(335, 338)",31.99397850036621,32.057438
-4.3504,39.5463,-4.350000000000037,39.52500000000064,"(141, 107)",40.98051452636719,41.003773
20.3455,43.8932,20.34999999999988,43.87500000000101,"(228, 354)",32.166954040527344,32.16961
-8.9235,42.7208,-8.95000000000002,42.72500000000091,"(205, 61)",35.82134246826172,35.870068
4.3239,39.8761,4.349999999999932,39.87500000000067,"(148, 194)",43.54018020629883,43.883244
26.1445,44.649,26.149999999999856,44.62500000000107,"(243, 412)",32.0714225769043,31.995798
22.2737,48.9349,22.249999999999872,48.92500000000144,"(329, 373)",34.9571418762207,34.9837
27.9226,45.1685,27.949999999999847,45.17500000000112,"(254, 430)",33.368003845214844,33.1199
14.9961,46.1311,14.949999999999894,46.1250000000012,"(273, 300)",35.71002960205078,35.693817
-3.5506,37.2369,-3.55000000000004,37.22500000000044,"(95, 115)",37.86872482299805,37.894722
14.3644,46.2476,14.349999999999897,46.22500000000121,"(275, 294)",29.789539337158203,29.7656
19.1569,48.5582,19.149999999999878,48.57500000000141,"(322, 342)",31.170827865600582,31.211542
-4.8497,43.4392,-4.850000000000035,43.42500000000097,"(219, 102)",35.78832244873047,35.92124
-3.1425,41.2742,-3.150000000000041,41.27500000000079,"(176, 119)",40.2304916381836,40.273827
-7.7046,42.6347,-7.750000000000025,42.6250000000009,"(203, 73)",35.107208251953125,35.152786
22.662,44.6266,22.64999999999987,44.62500000000107,"(243, 377)",32.03032684326172,31.908154
21.8376,48.874,21.849999999999874,48.875000000001435,"(328, 369)",31.807302474975582,31.832506
-3.6453,40.4081,-3.6500000000000394,40.425000000000715,"(159, 114)",21.420391082763672,21.451744
-6.555,37.0519,-6.550000000000029,37.07500000000043,"(92, 85)",34.00128555297852,34.032055
-6.9233,38.4728,-6.950000000000028,38.47500000000055,"(120, 81)",37.08780288696289,37.106697
-3.6772,40.4517,-3.6500000000000394,40.47500000000072,"(160, 114)",26.8324031829834,26.866394
-3.6867,40.3981,-3.6500000000000394,40.37500000000071,"(158, 114)",25.14495658874512,25.177643
-6.9045,37.1903,-6.950000000000028,37.17500000000044,"(94, 81)",35.94941329956055,35.981983
-5.9596,37.3843,-5.950000000000031,37.375000000000455,"(98, 91)",24.581262588500977,24.60804
-1.1008,39.0828,-1.1500000000000483,39.0750000000006,"(132, 139)",37.80987548828125,37.89061
-3.7186,40.3847,-3.750000000000039,40.37500000000071,"(158, 113)",22.97345352172852,23.003832
0.7342,41.3933,0.7499999999999449,41.375000000000796,"(178, 158)",36.62619400024414,36.786705
-3.6897,40.5006,-3.6500000000000394,40.52500000000072,"(161, 114)",31.23089027404785,31.265858
22.2733,43.9021,22.249999999999872,43.92500000000101,"(229, 373)",32.68545150756836,32.69546
21.3077,43.5855,21.349999999999874,43.57500000000098,"(222, 364)",31.434398651123047,31.44263
-5.377,36.1794,-5.350000000000033,36.17500000000035,"(74, 97)",31.772851943969727,31.860445
-0.8711,41.6703,-0.8500000000000494,41.67500000000082,"(184, 142)",30.36762237548828,30.5142
-2.0382,36.8475,-2.050000000000045,36.82500000000041,"(87, 130)",44.34083938598633,44.48757
-6.8446,37.3154,-6.850000000000028,37.32500000000045,"(97, 82)",35.10239028930664,35.130962
-3.5806,40.4625,-3.55000000000004,40.47500000000072,"(160, 115)",23.38097763061523,23.414316
-5.4328,36.1747,-5.450000000000033,36.17500000000035,"(74, 96)",33.333065032958984,33.421272
-5.8974,41.2389,-5.850000000000032,41.22500000000078,"(175, 92)",36.79061508178711,36.82562
-5.4303,36.212,-5.450000000000033,36.22500000000036,"(75, 96)",38.03184127807617,38.12028
-6.0031,37.3945,-6.050000000000031,37.375000000000455,"(98, 90)",28.380828857421875,28.408371
-3.7492,40.42,-3.750000000000039,40.425000000000715,"(159, 113)",25.6234188079834,25.654911
3.3156,42.3192,3.3499999999999357,42.32500000000088,"(197, 184)",41.645145416259766,42.014423
-6.9381,37.2796,-6.950000000000028,37.275000000000446,"(96, 81)",35.39874267578125,35.42923
-2.1282,36.9339,-2.1500000000000448,36.925000000000416,"(89, 129)",41.42859649658203,41.54738
-3.7744,40.5181,-3.750000000000039,40.52500000000072,"(161, 113)",34.812843322753906,34.846905
-3.7114,40.4783,-3.750000000000039,40.47500000000072,"(160, 113)",31.241470336914062,31.27577
-3.705,40.3469,-3.750000000000039,40.325000000000706,"(157, 113)",26.426729202270508,26.458593
-6.8886,37.2193,-6.850000000000028,37.22500000000044,"(95, 82)",36.11558532714844,36.14646
-5.3914,36.2088,-5.350000000000033,36.22500000000036,"(75, 97)",37.20128631591797,37.291267
-3.7839,38.0929,-3.750000000000039,38.075000000000514,"(112, 113)",32.89004898071289,32.917675
-6.8338,37.2816,-6.850000000000028,37.275000000000446,"(96, 82)",36.36138534545898,36.391647
-6.6769,37.3613,-6.650000000000029,37.375000000000455,"(98, 84)",34.8264045715332,34.85411
-2.4467,36.8413,-2.4500000000000437,36.82500000000041,"(87, 126)",36.88082504272461,36.992496
-6.1145,36.6609,-6.1500000000000306,36.675000000000395,"(84, 89)",32.05386734008789,32.10013
-6.2686,36.506,-6.25000000000003,36.52500000000038,"(81, 88)",37.16238784790039,37.221443
-4.9268,38.1081,-4.950000000000035,38.12500000000052,"(113, 101)",39.48640441894531,39.512905
-6.2031,36.4606,-6.25000000000003,36.47500000000038,"(80, 88)",41.407997131347656,41.47
-5.6669,37.9943,-5.650000000000032,37.975000000000506,"(110, 94)",39.50163269042969,39.52524
-3.7816,37.7826,-3.750000000000039,37.77500000000049,"(106, 113)",34.177001953125,34.202675
22.0995,44.0758,22.04999999999987,44.075000000001026,"(232, 371)",37.32820892333984,37.346184
13.9116,45.9377,13.949999999999898,45.925000000001184,"(269, 290)",38.27145004272461,38.258507
-3.6127,37.1961,-3.6500000000000394,37.17500000000044,"(94, 114)",27.391321182250977,27.418129
-5.4534,36.1362,-5.450000000000033,36.12500000000035,"(73, 96)",22.835649490356445,22.912907
-6.0425,37.3408,-6.050000000000031,37.32500000000045,"(97, 90)",30.51483154296875,30.543385
20.3228,49.0347,20.34999999999988,49.02500000000145,"(331, 354)",35.248661041259766,35.291958
-4.4475,36.7196,-4.450000000000037,36.7250000000004,"(85, 106)",28.718332290649418,28.800657
-1.7708,37.2522,-1.7500000000000462,37.275000000000446,"(96, 133)",41.92724609375,42.066128
-4.7796,37.9027,-4.7500000000000355,37.9250000000005,"(109, 103)",34.37506866455078,34.40647
-3.5173,36.7431,-3.55000000000004,36.7250000000004,"(85, 115)",34.43364715576172,34.52161
-3.0102,38.1744,-3.0500000000000416,38.17500000000052,"(114, 120)",36.1294059753418,36.154503
-5.7437,36.7398,-5.750000000000032,36.7250000000004,"(85, 93)",35.9712028503418,36.01676
-4.7623,37.8926,-4.7500000000000355,37.8750000000005,"(108, 103)",31.29726791381836,31.32894
-5.5316,36.7945,-5.550000000000033,36.775000000000404,"(86, 95)",39.525917053222656,39.569656
-2.811,36.7697,-2.8500000000000423,36.775000000000404,"(86, 122)",39.10231018066406,39.19354
-5.9796,37.3472,-5.950000000000031,37.32500000000045,"(97, 91)",28.11128044128418,28.139633
-3.8103,37.7844,-3.8500000000000387,37.77500000000049,"(106, 112)",36.01919174194336,36.044365
-5.8337,37.3425,-5.850000000000032,37.32500000000045,"(97, 92)",30.590456008911133,30.61967
-5.9138,37.2845,-5.950000000000031,37.275000000000446,"(96, 91)",26.96700668334961,26.995075
14.5333,46.2974,14.549999999999896,46.275000000001214,"(276, 296)",38.892879486083984,38.864803
-1.8954,36.9968,-1.8500000000000458,36.97500000000042,"(90, 132)",43.5655403137207,43.71603
-6.8075,37.1338,-6.850000000000028,37.12500000000043,"(93, 82)",35.848899841308594,35.88162
-2.3905,36.865,-2.350000000000044,36.87500000000041,"(88, 127)",42.293739318847656,42.409416
-5.6635,36.2339,-5.650000000000032,36.22500000000036,"(75, 94)",39.810176849365234,39.892494
21.245,48.7532,21.249999999999872,48.77500000000143,"(326, 363)",30.96578788757324,31.003159
-4.561,36.7278,-4.550000000000036,36.7250000000004,"(85, 105)",34.47068405151367,34.551357
-4.863,36.511,-4.850000000000035,36.52500000000038,"(81, 102)",36.0379638671875,36.120583
-5.6614,36.6496,-5.650000000000032,36.62500000000039,"(83, 94)",39.920501708984375,39.97864
-1.1433,41.7628,-1.1500000000000483,41.77500000000083,"(186, 139)",31.69045639038086,31.833658
-3.6193,37.1356,-3.6500000000000394,37.12500000000043,"(93, 114)",31.22591018676757,31.257044
-6.0362,37.555,-6.050000000000031,37.57500000000047,"(102, 90)",36.45015335083008,36.476322
-4.8017,38.1325,-4.850000000000035,38.12500000000052,"(113, 102)",37.98694610595703,38.013477
-4.8158,37.8752,-4.850000000000035,37.8750000000005,"(108, 102)",34.67536926269531,34.7074
-2.1592,36.9581,-2.1500000000000448,36.97500000000042,"(90, 129)",45.46718597412109,45.58995
0.1911,41.9161,0.14999999999994706,41.92500000000084,"(189, 152)",32.805965423583984,32.932774
-6.5704,37.0161,-6.550000000000029,37.025000000000425,"(91, 85)",35.50029373168945,35.533012
-2.4632,36.9231,-2.4500000000000437,36.925000000000416,"(89, 126)",43.28390884399414,43.386753
-0.2908,40.9467,-0.2500000000000515,40.92500000000076,"(169, 148)",34.7431640625,34.835552
-6.7341,37.1041,-6.750000000000028,37.12500000000043,"(93, 83)",36.000614166259766,36.031643
-4.8448,36.9623,-4.850000000000035,36.97500000000042,"(90, 102)",37.94105529785156,38.00379
-5.7057,43.3069,-5.750000000000032,43.32500000000096,"(217, 93)",31.651790618896484,31.74305
20.9872,48.7829,20.949999999999875,48.77500000000143,"(326, 360)",36.06394577026367,36.105736
-1.9791,37.193,-1.9500000000000455,37.17500000000044,"(94, 131)",42.18977737426758,42.31182
-0.3633,41.3211,-0.35000000000005116,41.32500000000079,"(177, 147)",33.83194351196289,33.96176
-1.1067,40.3364,-1.1500000000000483,40.325000000000706,"(157, 139)",36.47392272949219,36.53454
-5.6735,43.5299,-5.650000000000032,43.52500000000098,"(221, 94)",30.5058708190918,30.624725
-5.8664,43.3583,-5.850000000000032,43.375000000000966,"(218, 92)",29.80520248413086,29.898859
-5.9583,43.5705,-5.950000000000031,43.57500000000098,"(222, 91)",22.649290084838867,22.759113
-1.9615,36.95,-1.9500000000000455,36.925000000000416,"(89, 131)",43.12044906616211,44.304104
-5.6897,43.3067,-5.650000000000032,43.32500000000096,"(217, 94)",33.755245208740234,33.84903
-5.9857,43.343,-5.950000000000031,43.32500000000096,"(217, 91)",33.261138916015625,33.348072
2.6217,39.5645,2.64999999999994,39.57500000000064,"(142, 177)",29.420778274536133,29.661863
-0.1389,41.0542,-0.15000000000005187,41.07500000000077,"(172, 149)",33.547401428222656,33.651417
-2.0467,36.8951,-2.050000000000045,36.87500000000041,"(88, 130)",44.51779556274414,44.661263
0.1819,42.4578,0.14999999999994706,42.47500000000089,"(200, 152)",38.34547424316406,38.51404
-5.8989,43.5503,-5.850000000000032,43.57500000000098,"(222, 92)",31.96812629699707,32.088676
-1.8422,37.1388,-1.8500000000000458,37.12500000000043,"(93, 132)",43.30257034301758,43.445187
-5.7759,43.2561,-5.750000000000032,43.27500000000096,"(216, 93)",32.81074905395508,32.895954
1.3101,38.9944,1.3499999999999428,38.97500000000059,"(130, 164)",38.99608612060547,39.20829
3.0753,39.7912,3.0499999999999385,39.77500000000066,"(146, 181)",39.01295852661133,39.28909
-6.5527,43.1788,-6.550000000000029,43.17500000000095,"(214, 85)",36.30501937866211,36.362442
-5.6796,43.2941,-5.650000000000032,43.27500000000096,"(216, 94)",33.331642150878906,33.416702
-0.1519,41.5056,-0.15000000000005187,41.52500000000081,"(181, 149)",34.903499603271484,35.050365
-0.4039,42.1361,-0.4500000000000508,42.12500000000086,"(193, 146)",35.718502044677734,35.860462
4.253,39.8909,4.249999999999934,39.87500000000067,"(148, 193)",40.1970329284668,40.513954
-5.596,43.2757,-5.550000000000033,43.27500000000096,"(216, 95)",35.246551513671875,35.331806
-0.1561,41.7978,-0.15000000000005187,41.77500000000083,"(186, 149)",33.817901611328125,33.959946
1.4349,38.9072,1.4499999999999442,38.92500000000059,"(129, 165)",37.84585952758789,38.072594
-5.8028,43.4015,-5.850000000000032,43.42500000000097,"(219, 92)",30.353593826293945,30.450079
-0.3267,41.2883,-0.35000000000005116,41.27500000000079,"(176, 147)",33.42258071899414,33.545227
3.0282,39.8408,3.0499999999999385,39.825000000000664,"(147, 181)",38.49154281616211,38.767883
3.016,39.7485,3.0499999999999385,39.725000000000655,"(145, 181)",37.20913314819336,37.469097
2.7011,39.5477,2.749999999999938,39.52500000000064,"(141, 178)",36.77212524414063,37.021034
-0.2189,41.2797,-0.2500000000000515,41.27500000000079,"(176, 148)",33.32856750488281,33.454376
2.6481,39.6356,2.64999999999994,39.62500000000065,"(143, 177)",38.25738525390625,38.50329
3.1454,39.8348,3.1499999999999364,39.825000000000664,"(147, 182)",39.12775039672851,39.42685
2.6878,39.6788,2.64999999999994,39.67500000000065,"(144, 177)",38.70885467529297,38.955338
2.9007,39.8302,2.949999999999937,39.825000000000664,"(147, 180)",39.323509216308594,39.59133
3.8576,40.0106,3.8499999999999357,40.02500000000068,"(151, 189)",40.98764801025391,41.290787
-4.0628,43.2644,-4.050000000000038,43.27500000000096,"(216, 110)",34.13994216918945,34.246956
-4.2531,43.1533,-4.250000000000037,43.17500000000095,"(214, 108)",37.27449798583984,37.36702
-3.7903,43.4678,-3.750000000000039,43.475000000000975,"(220, 113)",36.61304473876953,36.777687
-0.0575,40.8419,-0.050000000000052225,40.82500000000075,"(167, 150)",37.36162567138672,37.465
-4.0642,43.3464,-4.050000000000038,43.32500000000096,"(217, 110)",33.01201629638672,33.126015
-4.1356,43.0119,-4.150000000000038,43.02500000000094,"(211, 109)",38.524932861328125,38.61215
-4.0886,38.682,-4.050000000000038,38.675000000000566,"(124, 110)",32.76074981689453,32.782345
-3.8411,43.4208,-3.8500000000000387,43.42500000000097,"(219, 112)",32.81544876098633,32.953896
-4.0428,43.3675,-4.050000000000038,43.375000000000966,"(218, 110)",31.33856773376465,31.460747
-3.1716,40.6298,-3.150000000000041,40.62500000000073,"(163, 119)",35.45409393310547,35.49503
-4.112,38.7027,-4.150000000000038,38.72500000000057,"(125, 109)",36.20779037475586,36.22878
-3.6361,42.3361,-3.6500000000000394,42.32500000000088,"(197, 114)",35.99582290649414,36.075706
-5.5872,42.6039,-5.550000000000033,42.6250000000009,"(203, 95)",33.046241760253906,33.086933
-6.5208,42.6256,-6.550000000000029,42.6250000000009,"(203, 85)",34.50166320800781,34.53479
-1.8521,38.9793,-1.8500000000000458,38.97500000000059,"(130, 132)",32.54153060913086,32.604908
-3.9378,38.9939,-3.9500000000000384,38.97500000000059,"(130, 111)",33.264915466308594,33.286816
-2.1297,40.0619,-2.1500000000000448,40.075000000000685,"(152, 129)",38.14703369140625,38.199146
-3.8328,40.1192,-3.8500000000000387,40.12500000000069,"(153, 112)",32.85844039916992,32.88905
-3.2206,43.3825,-3.250000000000041,43.375000000000966,"(218, 118)",34.34915542602539,34.501682
-4.0208,39.8681,-4.050000000000038,39.87500000000067,"(148, 110)",34.62935256958008,34.657837
-6.7256,42.5586,-6.750000000000028,42.5750000000009,"(202, 83)",32.50127410888672,32.53262
-0.3647,41.2253,-0.35000000000005116,41.22500000000078,"(175, 147)",32.78861999511719,32.903393
-4.8457,39.9586,-4.850000000000035,39.975000000000676,"(150, 102)",31.35050392150879,31.373299
-4.8272,42.7036,-4.850000000000035,42.72500000000091,"(205, 102)",38.86407470703125,38.918907
-3.2646,40.571,-3.250000000000041,40.57500000000073,"(162, 118)",33.05574417114258,33.0947
-4.9092,41.3164,-4.950000000000035,41.32500000000079,"(177, 101)",33.62495040893555,33.66154
-5.6653,40.9792,-5.650000000000032,40.97500000000076,"(170, 94)",33.19934844970703,33.22929
-6.6039,42.7814,-6.650000000000029,42.775000000000915,"(206, 84)",37.6102294921875,37.645844
-3.8086,43.4606,-3.8500000000000387,43.475000000000975,"(220, 112)",36.07801818847656,36.241203
-4.8408,42.7953,-4.850000000000035,42.775000000000915,"(206, 102)",40.31118774414063,40.365864
-4.4944,41.9614,-4.450000000000037,41.97500000000085,"(190, 106)",35.400691986083984,35.45872
-4.1083,38.6807,-4.150000000000038,38.675000000000566,"(124, 109)",35.70085144042969,35.722256
-3.6756,42.3508,-3.6500000000000394,42.37500000000088,"(198, 114)",36.012794494628906,36.09552
-6.6433,42.6117,-6.650000000000029,42.6250000000009,"(203, 84)",33.84141540527344,33.87376
-2.9175,42.6844,-2.950000000000042,42.67500000000091,"(204, 121)",33.789093017578125,33.902252
-5.6236,42.8028,-5.650000000000032,42.82500000000092,"(207, 94)",39.528297424316406,39.575172
-4.715,41.6664,-4.7500000000000355,41.67500000000082,"(184, 103)",33.59162139892578,33.639374
-5.6389,42.7156,-5.650000000000032,42.72500000000091,"(205, 94)",35.852901458740234,35.895252
1.8253,41.7303,1.8499999999999428,41.725000000000826,"(185, 169)",29.078508377075195,29.252527
-4.7467,41.6206,-4.7500000000000355,41.62500000000082,"(183, 103)",32.56092834472656,32.607872
2.125,41.5156,2.14999999999994,41.52500000000081,"(181, 172)",27.118444442749023,27.334126
-3.4753,42.9519,-3.45000000000004,42.97500000000093,"(210, 116)",35.50115966796875,35.60374
-2.4667,41.7667,-2.4500000000000437,41.77500000000083,"(186, 126)",36.60988998413086,36.678543
2.2045,41.4039,2.2499999999999414,41.4250000000008,"(179, 173)",28.831809997558597,29.085266
1.1202,41.1508,1.1499999999999435,41.17500000000078,"(174, 162)",33.577579498291016,33.769947
2.1649,41.3874,2.14999999999994,41.375000000000796,"(178, 172)",16.79962730407715,17.001036
-4.4658,41.9481,-4.450000000000037,41.92500000000084,"(189, 106)",35.11373519897461,35.170353
1.9749,41.4508,1.9499999999999407,41.475000000000804,"(180, 170)",28.29728889465332,28.50252
1.2397,41.1595,1.2499999999999414,41.17500000000078,"(174, 163)",27.80716896057129,27.99579
-6.5847,42.5428,-6.550000000000029,42.525000000000894,"(201, 85)",36.0788459777832,36.112408
1.7213,41.219,1.7499999999999414,41.22500000000078,"(175, 168)",30.233678817749023,30.460278
2.0074,41.5561,2.0499999999999385,41.57500000000081,"(182, 171)",30.109220504760746,30.319109
1.6259,41.5776,1.64999999999994,41.57500000000081,"(182, 167)",32.29706573486328,32.475735
1.1518,41.1121,1.1499999999999435,41.125000000000774,"(173, 162)",32.6895866394043,32.88351
-4.5383,42.0194,-4.550000000000036,42.02500000000085,"(191, 105)",35.080413818359375,35.139442
-6.2239,40.5697,-6.25000000000003,40.57500000000073,"(162, 88)",39.22664260864258,39.249912
1.13,42.4054,1.1499999999999435,42.425000000000885,"(199, 162)",39.44790649414063,39.64198
2.4958,41.689,2.449999999999937,41.67500000000082,"(184, 175)",35.109920501708984,35.346504
2.0098,41.3922,2.0499999999999385,41.375000000000796,"(178, 171)",28.217971801757812,28.446636
-5.7464,41.5097,-5.750000000000032,41.52500000000081,"(181, 93)",32.62580490112305,32.665607
2.1883,41.482,2.14999999999994,41.475000000000804,"(180, 172)",25.22443008422852,25.443277
1.7768,42.3683,1.7499999999999414,42.37500000000088,"(198, 168)",39.82112503051758,39.978134
1.2008,41.1037,1.2499999999999414,41.125000000000774,"(173, 163)",29.40283203125,29.60219
0.6157,41.6158,0.6499999999999453,41.62500000000082,"(183, 157)",27.02215385437012,27.155077
-4.7008,40.6647,-4.7500000000000355,40.675000000000736,"(164, 103)",38.99578475952149,39.01993
-5.5664,42.5753,-5.550000000000033,42.5750000000009,"(202, 95)",32.67556381225586,32.71675
-4.1106,40.9556,-4.150000000000038,40.97500000000076,"(170, 109)",38.03887939453125,38.065357
-3.6889,41.6656,-3.6500000000000394,41.67500000000082,"(184, 114)",34.67634963989258,34.718212
2.8742,41.8849,2.8499999999999357,41.87500000000084,"(188, 179)",31.903160095214844,32.156635
-5.0897,43.0414,-5.0500000000000345,43.02500000000094,"(211, 100)",41.13401794433594,41.1883
2.089,41.4768,2.0499999999999385,41.475000000000804,"(180, 171)",27.114967346191406,27.326277
3.0374,41.9593,3.0499999999999385,41.97500000000085,"(190, 181)",34.088714599609375,34.38609
1.7553,41.831,1.7499999999999414,41.825000000000834,"(187, 168)",32.89661407470703,33.05247
2.1014,41.5612,2.14999999999994,41.57500000000081,"(182, 172)",31.999414443969727,32.213287
-2.8569,41.7236,-2.8500000000000423,41.725000000000826,"(185, 122)",37.31731033325195,37.373302
2.8421,42.392,2.8499999999999357,42.37500000000088,"(198, 179)",34.972923278808594,35.294678
2.422,41.5304,2.449999999999937,41.52500000000081,"(181, 175)",31.859703063964844,32.117237
0.5817,40.7067,0.5499999999999456,40.72500000000074,"(165, 156)",31.985736846923828,32.131035
3.2129,41.9587,3.2499999999999343,41.97500000000085,"(190, 183)",41.63872909545898,42.00951
2.2873,42.0033,2.2499999999999414,42.02500000000085,"(191, 173)",35.13500213623047,35.312595
2.5102,42.1433,2.5499999999999385,42.12500000000086,"(193, 176)",34.52334213256836,34.77046
2.2121,41.5492,2.2499999999999414,41.52500000000081,"(181, 173)",28.181684494018555,28.405985
0.2884,40.643,0.2499999999999467,40.62500000000073,"(163, 153)",36.590797424316406,36.713142
1.6722,41.2022,1.64999999999994,41.22500000000078,"(175, 167)",30.530982971191406,30.745432
2.2143,42.3121,2.2499999999999414,42.32500000000088,"(197, 173)",43.59307098388672,43.80859
2.0138,41.3135,2.0499999999999385,41.32500000000079,"(177, 171)",30.12691116333008,30.364594
2.148,41.4261,2.14999999999994,41.4250000000008,"(179, 172)",22.369428634643555,22.592394
1.193,41.9066,1.1499999999999435,41.92500000000084,"(189, 162)",34.85367584228516,34.99296
2.2692,41.4815,2.2499999999999414,41.475000000000804,"(180, 173)",27.29695701599121,27.532177
2.2386,41.9357,2.2499999999999414,41.92500000000084,"(189, 173)",35.34651565551758,35.531853
2.223,41.8466,2.2499999999999414,41.825000000000834,"(187, 173)",37.14860534667969,37.346416
0.53,40.5528,0.5499999999999456,40.57500000000073,"(162, 156)",34.23108673095703,34.39881
1.8482,42.0979,1.8499999999999428,42.075000000000855,"(192, 169)",35.42744827270508,35.57371
1.595,41.2681,1.549999999999942,41.27500000000079,"(176, 166)",31.85859107971191,32.065945
1.1799,41.2784,1.1499999999999435,41.27500000000079,"(176, 162)",35.51688766479492,35.707542
-0.19,38.9667,-0.15000000000005187,38.97500000000059,"(130, 149)",33.42759704589844,33.562515
0.7296,42.0513,0.7499999999999449,42.075000000000855,"(192, 158)",35.13679504394531,35.269188
2.2871,41.5987,2.2499999999999414,41.57500000000081,"(182, 173)",29.684589385986328,29.904867
1.8581,42.1023,1.8499999999999428,42.12500000000086,"(193, 169)",35.552146911621094,35.69943
1.6866,41.3468,1.64999999999994,41.32500000000079,"(177, 167)",29.670093536376957,29.87313
-0.2333,39.9628,-0.2500000000000515,39.975000000000676,"(150, 148)",33.26673126220703,33.377235
0.8311,41.0082,0.8499999999999446,41.025000000000766,"(171, 159)",35.48332977294922,35.662865
1.9915,41.3031,1.9499999999999407,41.32500000000079,"(177, 170)",31.442249298095703,31.66859
0.9129,41.0095,0.9499999999999442,41.025000000000766,"(171, 160)",36.549560546875,36.74492
2.358,41.7793,2.3499999999999392,41.77500000000083,"(186, 174)",38.34062194824219,38.558968
2.1624,41.6347,2.14999999999994,41.62500000000082,"(183, 172)",34.158775329589844,34.369152
-0.4472,39.4811,-0.4500000000000508,39.475000000000634,"(140, 146)",26.11605834960937,26.235971
0.7551,41.1007,0.7499999999999449,41.125000000000774,"(173, 158)",35.29174041748047,35.459023
1.9996,41.4008,1.9499999999999407,41.4250000000008,"(179, 170)",27.76475715637207,27.975815
0.8299,41.5441,0.8499999999999446,41.52500000000081,"(181, 159)",33.032318115234375,33.178394
-0.2347,39.6672,-0.2500000000000515,39.67500000000065,"(144, 148)",33.48680877685547,33.625492
-0.0361,39.9592,-0.050000000000052225,39.975000000000676,"(150, 150)",27.5892276763916,27.71338
0.8313,40.9396,0.8499999999999446,40.92500000000076,"(169, 159)",37.26338577270508,37.45605
2.8166,41.9764,2.8499999999999357,41.97500000000085,"(190, 179)",31.186594009399418,31.45013
-0.0572,40.0128,-0.050000000000052225,40.02500000000068,"(151, 150)",31.10568046569824,31.228495
-0.3683,39.4781,-0.35000000000005116,39.475000000000634,"(140, 147)",25.358522415161133,25.490505
0.4397,41.0582,0.449999999999946,41.07500000000077,"(172, 155)",35.364280700683594,35.51184
2.5567,41.7463,2.5499999999999385,41.725000000000826,"(185, 176)",34.70638656616211,34.946373
0.0106,39.9819,0.04999999999994742,39.975000000000676,"(150, 151)",31.60728645324707,31.760416
-0.2064,40.0686,-0.2500000000000515,40.075000000000685,"(152, 148)",35.218387603759766,35.322174
-0.6828,38.2422,-0.6500000000000501,38.22500000000053,"(115, 144)",33.4157600402832,33.555058
0.3728,40.5547,0.34999999999994635,40.57500000000073,"(162, 154)",33.86518096923828,33.993454
-0.638,38.4361,-0.6500000000000501,38.425000000000544,"(119, 144)",37.137821197509766,37.25893
-0.4178,39.5094,-0.4500000000000508,39.52500000000064,"(141, 146)",28.67374420166016,28.795439
-0.4719,38.3594,-0.4500000000000508,38.37500000000054,"(118, 146)",35.118560791015625,35.272224
-0.7175,38.2592,-0.7500000000000497,38.27500000000053,"(116, 143)",33.17105484008789,33.298943
-1.2814,39.5586,-1.250000000000048,39.57500000000064,"(142, 138)",36.99854278564453,37.07886
-0.4578,39.15,-0.4500000000000508,39.125000000000604,"(133, 146)",30.04142570495605,30.973251
-0.2492,40.4167,-0.2500000000000515,40.425000000000715,"(159, 148)",38.1891975402832,38.27802
-0.0564,39.9453,-0.050000000000052225,39.92500000000067,"(149, 150)",29.92903518676757,30.057207
0.0847,40.6917,0.04999999999994742,40.675000000000736,"(164, 151)",39.62043762207031,39.733917
-0.0911,40.6372,-0.050000000000052225,40.62500000000073,"(163, 150)",39.209022521972656,39.315315
-0.1897,40.0519,-0.15000000000005187,40.075000000000685,"(152, 149)",33.558319091796875,33.671104
-0.8528,38.0847,-0.8500000000000494,38.075000000000514,"(112, 142)",33.2963752746582,33.428265
0.0728,40.0622,0.04999999999994742,40.075000000000685,"(152, 151)",32.51153945922852,32.645004
-0.2658,39.6342,-0.2500000000000515,39.62500000000065,"(143, 148)",34.22357940673828,34.36833
-0.1694,40.735,-0.15000000000005187,40.72500000000074,"(165, 149)",37.2003059387207,37.297127
-0.1058,39.9417,-0.15000000000005187,39.92500000000067,"(149, 149)",30.435840606689453,30.555634
-6.44,42.8778,-6.4500000000000295,42.875000000000924,"(208, 86)",40.71886444091797,40.755253
-0.4414,38.9347,-0.4500000000000508,38.92500000000059,"(129, 146)",33.83366012573242,33.93813
-0.69,37.9911,-0.6500000000000501,37.975000000000506,"(110, 144)",39.229103088378906,39.40713
-0.4669,38.7064,-0.4500000000000508,38.72500000000057,"(125, 146)",37.19454574584961,37.295517
-0.8033,38.4547,-0.8500000000000494,38.47500000000055,"(120, 142)",35.65459060668945,35.761295
2.016,41.4136,2.0499999999999385,41.4250000000008,"(179, 171)",28.427478790283203,28.646685
-0.6972,38.7881,-0.6500000000000501,38.775000000000574,"(126, 144)",36.76507568359375,36.85988
-1.0647,38.4517,-1.0500000000000487,38.47500000000055,"(120, 140)",37.74761581420898,37.84861
-0.4608,39.5514,-0.4500000000000508,39.57500000000064,"(142, 146)",31.915433883666992,32.036346
-0.7839,39.4272,-0.7500000000000497,39.42500000000063,"(139, 143)",34.73029708862305,34.840023
-0.0789,40.2694,-0.050000000000052225,40.2750000000007,"(156, 150)",35.933677673339844,36.045067
-0.5067,38.3403,-0.5500000000000504,38.325000000000536,"(117, 145)",31.59743881225586,31.737274
-0.065,39.8922,-0.050000000000052225,39.87500000000067,"(148, 150)",32.47681427001953,32.617367
-0.4683,40.0542,-0.4500000000000508,40.075000000000685,"(152, 146)",37.4273681640625,37.517597
1.8593,41.2424,1.8499999999999428,41.22500000000078,"(175, 169)",32.0008659362793,32.23993
-1.2539,40.0994,-1.250000000000048,40.075000000000685,"(152, 138)",37.945587158203125,38.011658
2.4373,41.5519,2.449999999999937,41.57500000000081,"(182, 175)",32.739505767822266,32.986164
-0.3367,39.7053,-0.35000000000005116,39.725000000000655,"(145, 147)",34.48867416381836,34.610867
-0.8319,39.7081,-0.8500000000000494,39.725000000000655,"(145, 142)",37.59284591674805,37.685966
-0.0344,40.175,-0.050000000000052225,40.17500000000069,"(154, 150)",34.4699821472168,34.586903
-0.1467,38.5714,-0.15000000000005187,38.57500000000056,"(122, 149)",36.77790451049805,36.926796
-0.5139,38.3511,-0.5500000000000504,38.37500000000054,"(118, 145)",33.49982452392578,33.635014
-0.6033,39.9306,-0.6500000000000501,39.92500000000067,"(149, 144)",38.34813690185547,38.43771
0.7092,40.3833,0.7499999999999449,40.37500000000071,"(158, 158)",43.66006851196289,43.872253
-4.7325,41.6,-4.7500000000000355,41.57500000000081,"(182, 103)",32.56092834472656,33.5953
-7.7377,43.5329,-7.750000000000025,43.52500000000098,"(221, 73)",36.80500793457031,36.88392
-8.1944,43.177,-8.150000000000023,43.17500000000095,"(214, 69)",34.219520568847656,34.278183
-6.1472,40.0778,-6.1500000000000306,40.075000000000685,"(152, 89)",35.01531219482422,35.03366
-8.747,42.2029,-8.750000000000021,42.22500000000087,"(195, 63)",31.16975784301757,31.208298
-7.9886,43.4054,-7.950000000000024,43.42500000000097,"(219, 71)",36.20513153076172,36.27602
-8.555,43.2597,-8.550000000000022,43.27500000000096,"(216, 65)",34.16303253173828,34.229126
-7.0115,38.8876,-7.050000000000027,38.87500000000058,"(128, 80)",32.880645751953125,32.896835
-7.8478,43.4539,-7.8500000000000245,43.475000000000975,"(220, 72)",36.42607879638672,36.50066
-8.4249,43.3542,-8.450000000000022,43.375000000000966,"(218, 66)",34.31239318847656,34.38835
-8.4964,43.0935,-8.450000000000022,43.07500000000094,"(212, 66)",33.43855667114258,33.493217
-8.506,43.3023,-8.550000000000022,43.32500000000096,"(217, 65)",36.1047477722168,36.178787
-6.3603,39.4728,-6.35000000000003,39.475000000000634,"(140, 87)",34.12648391723633,34.14366
-7.4494,42.7153,-7.450000000000026,42.72500000000091,"(205, 76)",34.122222900390625,34.16258
-8.5311,42.8878,-8.550000000000022,42.875000000000924,"(208, 65)",30.196094512939453,30.245451
-6.3381,38.9075,-6.35000000000003,38.92500000000059,"(129, 87)",31.669260025024418,31.686083
-0.3592,39.7822,-0.35000000000005116,39.77500000000066,"(146, 147)",34.56247329711914,34.68033
-7.8779,42.353,-7.8500000000000245,42.37500000000088,"(198, 72)",31.64088630676269,31.678682
-8.472,43.3353,-8.450000000000022,43.32500000000096,"(217, 66)",31.449886322021484,31.517042
-5.9397,39.8492,-5.950000000000031,39.825000000000664,"(147, 91)",33.82523727416992,33.844
-6.395,38.4292,-6.35000000000003,38.425000000000544,"(119, 87)",36.213905334472656,36.232483
-0.6256,39.5647,-0.6500000000000501,39.57500000000064,"(142, 144)",32.038822174072266,32.143307
-7.4089,42.0616,-7.450000000000026,42.075000000000855,"(192, 76)",38.04380798339844,38.072456
0.425,40.5461,0.449999999999946,40.52500000000072,"(161, 155)",34.12636184692383,34.27687
-9.1861,42.9536,-9.15000000000002,42.97500000000093,"(210, 59)",35.6639404296875,35.719234
-8.1502,43.5197,-8.150000000000023,43.52500000000098,"(221, 69)",33.42765426635742,33.501934
-7.6937,43.313,-7.650000000000025,43.32500000000096,"(217, 74)",35.316001892089844,35.38746
-7.5078,43.6863,-7.550000000000026,43.67500000000099,"(224, 75)",37.32191467285156,37.419865
-8.2522,43.4916,-8.250000000000023,43.475000000000975,"(220, 68)",31.632015228271484,31.707514
-8.6703,42.4047,-8.650000000000022,42.425000000000885,"(199, 64)",31.46747779846191,31.505985
-7.4319,43.6844,-7.450000000000026,43.67500000000099,"(224, 76)",37.53997039794922,37.644733
-7.3789,43.6694,-7.350000000000026,43.67500000000099,"(224, 77)",38.740840911865234,38.85306
-0.9344,39.2608,-0.950000000000049,39.27500000000062,"(136, 141)",35.64677047729492,35.744377
-7.5509,42.9979,-7.550000000000026,42.97500000000093,"(210, 75)",32.2636604309082,32.31747
-8.3187,43.2446,-8.350000000000023,43.22500000000095,"(215, 67)",32.272056579589844,32.330204
0.7992,40.8807,0.7499999999999449,40.87500000000075,"(168, 158)",34.68964385986328,34.86193
-8.545,43.1478,-8.550000000000022,43.125000000000945,"(213, 65)",34.19648742675781,34.25249
-9.1189,43.0089,-9.15000000000002,43.02500000000094,"(211, 59)",35.30299377441406,35.36059
-8.4716,43.1866,-8.450000000000022,43.17500000000095,"(214, 66)",33.7288932800293,33.786774
-3.378,40.4793,-3.3500000000000405,40.47500000000072,"(160, 117)",32.12941360473633,32.167366
-3.801,40.2815,-3.8500000000000387,40.2750000000007,"(156, 112)",28.85502815246582,28.88536
-8.5068,42.9092,-8.550000000000022,42.92500000000093,"(209, 65)",32.17683029174805,32.22753
-3.8768,40.3242,-3.8500000000000387,40.325000000000706,"(157, 112)",26.97299575805664,27.003431
-1.653,42.806,-1.6500000000000465,42.82500000000092,"(207, 134)",31.67160987854004,31.873703
-4.0143,40.6339,-4.050000000000038,40.62500000000073,"(163, 110)",36.914005279541016,36.943657
-1.284,42.579,-1.250000000000048,42.5750000000009,"(202, 138)",34.85398864746094,35.053783
-3.2211,40.2876,-3.250000000000041,40.2750000000007,"(156, 118)",37.00810241699219,37.047173
-3.8689,40.4461,-3.8500000000000387,40.425000000000715,"(159, 112)",31.71525764465332,31.748425
-3.5914,40.0333,-3.55000000000004,40.02500000000068,"(151, 115)",35.311187744140625,35.34572
2.0871,41.6179,2.0499999999999385,41.62500000000082,"(183, 171)",35.07595443725586,35.284668
-3.5429,40.3597,-3.55000000000004,40.37500000000071,"(158, 115)",29.36763572692871,29.402697
-0.9144,37.602,-0.950000000000049,37.625000000000476,"(103, 141)",34.16388320922852,34.311996
-2.9772,43.3027,-2.950000000000042,43.32500000000096,"(217, 121)",27.536401748657227,27.684858
-4.3981,40.3677,-4.350000000000037,40.37500000000071,"(158, 107)",37.89204788208008,37.91875
-2.9457,43.2588,-2.950000000000042,43.27500000000096,"(216, 121)",24.1414794921875,24.279076
-3.6803,40.1852,-3.6500000000000394,40.17500000000069,"(154, 114)",31.30740547180176,31.340508
-3.1127,43.3207,-3.150000000000041,43.32500000000096,"(217, 119)",29.97232818603516,30.115639
-3.7739,40.6646,-3.750000000000039,40.675000000000736,"(164, 113)",37.19322967529297,37.227306
-4.2752,40.2479,-4.250000000000037,40.2250000000007,"(155, 108)",34.903411865234375,34.931377
-3.4776,40.4495,-3.45000000000004,40.425000000000715,"(159, 116)",30.7702693939209,30.806288
-3.5033,40.5997,-3.55000000000004,40.57500000000073,"(162, 115)",31.994749069213867,32.03
-3.2766,40.1672,-3.250000000000041,40.17500000000069,"(154, 118)",35.695491790771484,35.73342
-1.1459,37.9923,-1.1500000000000483,37.975000000000506,"(110, 139)",28.738046646118164,28.8522
-3.0741,43.3205,-3.0500000000000416,43.32500000000096,"(217, 120)",26.870302200317383,27.016613
-1.2321,37.9745,-1.250000000000048,37.975000000000506,"(110, 138)",30.388442993164062,30.498522
-3.5424,40.4306,-3.55000000000004,40.425000000000715,"(159, 115)",27.29154586791992,27.326189
-2.9634,43.1441,-2.950000000000042,43.125000000000945,"(213, 121)",31.585084915161133,31.719933
-3.4679,40.909,-3.45000000000004,40.92500000000076,"(169, 116)",39.53260040283203,39.569355
-3.4588,40.3007,-3.45000000000004,40.325000000000706,"(157, 116)",33.682594299316406,33.718857
-1.7028,37.6878,-1.7500000000000462,37.67500000000048,"(104, 133)",35.218994140625,35.305573
-1.9777,43.2675,-1.9500000000000455,43.27500000000096,"(216, 131)",30.39286994934082,30.56785
-1.8687,38.1147,-1.8500000000000458,38.12500000000052,"(113, 132)",36.84973907470703,36.916847
-1.628,42.074,-1.6500000000000465,42.075000000000855,"(192, 134)",31.178163528442383,31.317755
-8.3513,43.116,-8.350000000000023,43.125000000000945,"(213, 67)",33.26103973388672,33.31638
-0.9265,37.5744,-0.950000000000049,37.57500000000047,"(102, 141)",33.353878021240234,33.510662
-1.81,42.307,-1.8500000000000458,42.32500000000088,"(197, 132)",31.874595642089844,32.020313
-2.173,42.898,-2.1500000000000448,42.875000000000924,"(208, 129)",38.073856353759766,38.243397
-2.6379,43.1683,-2.650000000000043,43.17500000000095,"(214, 124)",32.5874137878418,32.746857
-1.0659,37.6925,-1.0500000000000487,37.67500000000048,"(104, 140)",36.48983383178711,36.626217
-3.7022,40.7806,-3.750000000000039,40.775000000000745,"(166, 113)",40.29572677612305,40.329712
-2.6678,42.8561,-2.650000000000043,42.875000000000924,"(208, 124)",33.13086700439453,33.26852
-2.4904,43.0642,-2.4500000000000437,43.07500000000094,"(212, 126)",34.304080963134766,34.469784
-3.2317,42.8752,-3.250000000000041,42.875000000000924,"(208, 118)",36.69395446777344,36.803036
-2.2682,43.1804,-2.2500000000000444,43.17500000000095,"(214, 128)",34.0479621887207,34.226875
-2.232,42.341,-2.2500000000000444,42.32500000000088,"(197, 128)",34.95293045043945,35.054707
-2.7032,43.4059,-2.7500000000000426,43.42500000000097,"(219, 123)",35.13007736206055,35.318104
-2.0109,43.3094,-2.050000000000045,43.32500000000096,"(217, 130)",36.865665435791016,37.0746
-2.6614,42.8436,-2.650000000000043,42.82500000000092,"(207, 124)",34.103702545166016,34.238945
-2.078,43.1308,-2.050000000000045,43.125000000000945,"(213, 130)",35.70912551879883,35.897633
-2.059,42.34,-2.050000000000045,42.32500000000088,"(197, 130)",32.00225830078125,32.121666
15.6305,58.411,15.64999999999989,58.42500000000225,"(519, 307)",30.36034202575684,30.409172
17.6357,59.8601,17.649999999999885,59.87500000000237,"(548, 327)",28.36636543273925,28.401115
12.5684,56.2002,12.549999999999903,56.22500000000206,"(475, 276)",33.8413200378418,33.951355
12.8297,55.8697,12.8499999999999,55.87500000000203,"(468, 279)",30.62290573120117,30.757668
18.049,59.3171,18.049999999999883,59.325000000002326,"(537, 331)",22.067991256713867,22.099396
-2.8837,43.2411,-2.8500000000000423,43.22500000000095,"(215, 122)",30.59966468811035,30.747683
-1.9607,43.322,-1.9500000000000455,43.32500000000096,"(217, 131)",33.70237731933594,33.892662
13.0062,55.5847,13.049999999999903,55.57500000000201,"(462, 281)",29.292701721191406,29.441835
-3.1344,43.2129,-3.150000000000041,43.22500000000095,"(215, 119)",33.32346725463867,33.45557
12.6913,56.0473,12.649999999999904,56.025000000002045,"(471, 277)",23.67841148376465,23.776354
-2.239,42.44,-2.2500000000000444,42.425000000000885,"(199, 128)",31.903621673583984,32.017296
-2.3937,42.849,-2.350000000000044,42.82500000000092,"(207, 127)",37.51226425170898,37.663754
17.6348,59.2013,17.649999999999885,59.22500000000232,"(535, 327)",31.049543380737305,31.092287
17.8587,59.3498,17.849999999999888,59.325000000002326,"(537, 329)",31.055221557617188,31.097101
-2.428,42.464,-2.4500000000000437,42.47500000000089,"(200, 126)",31.7138786315918,31.827442
17.9289,59.4237,17.94999999999989,59.425000000002335,"(539, 330)",29.29792022705078,29.336086
17.8383,59.2371,17.849999999999888,59.22500000000232,"(535, 329)",31.035139083862305,31.076914
-1.744,42.176,-1.7500000000000462,42.175000000000864,"(194, 133)",32.02998733520508,32.17141
11.9702,57.709,11.949999999999905,57.72500000000219,"(505, 270)",27.171640396118164,27.231333
12.7094,56.0431,12.749999999999902,56.025000000002045,"(471, 278)",28.256017684936523,28.371029
13.1803,55.7033,13.1499999999999,55.72500000000202,"(465, 282)",30.146787643432617,30.28146
-2.155,43.2506,-2.1500000000000448,43.27500000000096,"(216, 129)",34.86865234375,35.066772
15.3197,63.8455,15.349999999999893,63.82500000000271,"(627, 304)",31.478954315185547,31.493065
17.6211,59.1981,17.649999999999885,59.17500000000231,"(534, 327)",30.072973251342773,30.115284
13.002,55.6064,13.049999999999903,55.62500000000201,"(463, 281)",27.70179557800293,27.840067
13.15,56.0281,13.1499999999999,56.025000000002045,"(471, 282)",32.680686950683594,32.797405
-2.6194,42.5183,-2.650000000000043,42.525000000000894,"(201, 124)",34.60435485839844,34.718895
-2.1914,43.0481,-2.1500000000000448,43.02500000000094,"(211, 129)",35.833824157714844,36.01188
17.3881,58.8061,17.349999999999888,58.825000000002284,"(527, 324)",32.840450286865234,32.89091
21.063,67.8786,21.049999999999876,67.87500000000306,"(708, 361)",31.40043258666992,31.416544
18.6313,59.8324,18.649999999999885,59.82500000000237,"(547, 337)",30.891233444213867,30.931538
11.9142,57.3937,11.949999999999905,57.37500000000216,"(498, 270)",34.92460632324219,35.008377
15.354,56.3083,15.349999999999893,56.32500000000207,"(477, 304)",32.62727737426758,32.731308
13.178,60.823,13.1499999999999,60.825000000002454,"(567, 282)",31.91097450256348,31.94308
18.299,63.053,18.249999999999886,63.075000000002646,"(612, 333)",31.30452537536621,31.326258
13.4953,59.3784,13.449999999999902,59.37500000000233,"(538, 285)",31.75324249267578,31.800245
12.441,63.771,12.449999999999902,63.775000000002706,"(626, 275)",34.90738296508789,34.917038
13.516,62.014,13.5499999999999,62.02500000000256,"(591, 286)",34.280982971191406,34.30205
17.124,59.756,17.149999999999892,59.775000000002365,"(546, 322)",30.480722427368164,30.51743
18.1052,65.4051,18.149999999999885,65.42500000000285,"(659, 332)",32.175777435302734,32.1953
20.6249,66.066,20.649999999999878,66.0750000000029,"(672, 357)",30.60628128051757,30.622463
18.239,59.174,18.249999999999886,59.17500000000231,"(534, 333)",32.38053131103516,32.4275
13.2008,55.7008,13.249999999999899,55.72500000000202,"(465, 283)",30.610822677612305,30.744532
12.1894,58.6019,12.149999999999904,58.62500000000227,"(523, 272)",32.967899322509766,33.02023
15.5647,57.8108,15.549999999999892,57.8250000000022,"(507, 306)",33.07465744018555,33.131996
17.6323,59.0984,17.649999999999885,59.075000000002305,"(532, 327)",32.34019470214844,32.386185
18.1507,56.9224,18.149999999999885,56.92500000000212,"(489, 332)",36.55535888671875,36.660877
16.9761,58.9538,16.94999999999989,58.9750000000023,"(530, 320)",31.688405990600582,31.734158
14.3796,57.0548,14.349999999999897,57.075000000002134,"(492, 294)",33.3841552734375,33.45734
13.1674,56.7713,13.1499999999999,56.77500000000211,"(486, 282)",33.15582275390625,33.241238
12.9094,59.8214,12.949999999999902,59.82500000000237,"(547, 280)",31.432313919067383,31.470798
12.9298,59.1327,12.949999999999902,59.12500000000231,"(533, 280)",32.207454681396484,32.256557
15.9324,59.3495,15.949999999999891,59.325000000002326,"(537, 310)",32.03885269165039,32.078365
14.1532,56.0315,14.149999999999897,56.025000000002045,"(471, 292)",31.36329841613769,31.478256
20.9398,64.0865,20.949999999999875,64.07500000000273,"(632, 360)",32.06912612915039,32.096386
16.5065,60.8148,16.54999999999989,60.825000000002454,"(567, 316)",31.115964889526367,31.147455
19.063,68.353,19.049999999999883,68.3750000000031,"(718, 341)",35.71284866333008,35.729538
16.3212,62.2809,16.349999999999888,62.27500000000258,"(596, 314)",32.24032974243164,32.262573
12.0151,57.658,12.049999999999903,57.675000000002186,"(504, 271)",30.792627334594727,30.85857
20.2585,63.8289,20.24999999999988,63.82500000000271,"(627, 353)",27.332351684570316,27.357168
15.348,57.511,15.349999999999893,57.52500000000217,"(501, 304)",33.228267669677734,33.289806
14.6462,56.2997,14.649999999999897,56.275000000002066,"(476, 297)",32.60470199584961,32.708923
12.9141,61.5756,12.949999999999902,61.57500000000252,"(582, 280)",33.29452896118164,33.317234
19.7672,64.2442,19.74999999999988,64.22500000000275,"(635, 348)",30.793676376342773,30.81747
15.1447,58.7677,15.149999999999894,58.77500000000228,"(526, 302)",32.917457580566406,32.964542
16.4277,56.2257,16.44999999999989,56.22500000000206,"(475, 315)",36.31978988647461,36.454197
11.7373,58.4339,11.749999999999906,58.42500000000225,"(519, 268)",33.19341278076172,33.24709
-0.2444,39.8236,-0.2500000000000515,39.825000000000664,"(147, 148)",32.6694221496582,32.789917
6.6396,46.522,6.649999999999926,46.525000000001235,"(281, 217)",31.941633224487305,31.925323
16.1779,58.589,16.149999999999892,58.57500000000226,"(522, 312)",30.702133178710938,30.748964
14.1589,57.7765,14.149999999999897,57.775000000002194,"(506, 292)",32.1168098449707,32.177845
6.9445,46.8131,6.949999999999923,46.82500000000126,"(287, 220)",31.364273071289062,31.53189
8.9571,46.0111,8.949999999999916,46.02500000000119,"(271, 240)",35.22247695922852,35.246655
16.116,65.972,16.149999999999892,65.9750000000029,"(670, 312)",35.69303131103516,35.706673
15.6294,60.6083,15.64999999999989,60.62500000000244,"(563, 307)",28.88631248474121,28.916832
14.7825,57.1645,14.749999999999895,57.17500000000214,"(494, 298)",33.017601013183594,33.088455
16.3225,58.4785,16.349999999999888,58.475000000002254,"(520, 314)",31.39245223999023,31.441221
17.3089,62.3886,17.349999999999888,62.375000000002586,"(598, 324)",29.148590087890625,29.169271
17.1471,60.6715,17.149999999999892,60.67500000000244,"(564, 322)",28.243606567382812,28.27573
6.9792,47.0495,6.949999999999923,47.02500000000128,"(291, 220)",37.86423873901367,38.122234
14.5319,56.2775,14.549999999999896,56.275000000002066,"(476, 296)",32.62760925292969,32.730274
8.3644,47.4782,8.349999999999918,47.475000000001316,"(300, 234)",28.430803298950195,28.712826
16.2917,56.856,16.249999999999893,56.87500000000212,"(488, 313)",32.310909271240234,32.39244
11.9605,57.6979,11.949999999999905,57.675000000002186,"(504, 270)",28.590042114257812,28.654587
15.0367,58.5379,15.049999999999896,58.52500000000226,"(521, 301)",32.461036682128906,32.51154
8.5304,47.3776,8.549999999999917,47.37500000000131,"(298, 236)",25.38603973388672,25.547482
15.6346,57.9876,15.64999999999989,57.97500000000221,"(510, 307)",32.55141067504883,32.606953
15.9922,59.5139,15.949999999999891,59.52500000000234,"(541, 310)",30.09932327270508,30.134905
8.9047,47.4798,8.949999999999916,47.475000000001316,"(300, 240)",32.32337951660156,32.535225
8.6134,47.4029,8.649999999999919,47.42500000000131,"(299, 237)",28.57591438293457,28.767319
7.4409,46.951,7.449999999999923,46.97500000000127,"(290, 225)",29.04490852355957,29.297062
15.472,59.7282,15.449999999999894,59.72500000000236,"(545, 305)",31.68270874023437,31.717674
20.23,67.8558,20.24999999999988,67.87500000000306,"(708, 353)",32.86594009399414,32.880383
8.4633,47.0674,8.449999999999916,47.07500000000128,"(292, 235)",31.329923629760746,31.499678
15.621,56.2639,15.64999999999989,56.275000000002066,"(476, 307)",32.619083404541016,32.728493
20.9605,64.7505,20.949999999999875,64.77500000000279,"(646, 360)",29.244508743286133,29.26657
8.9339,46.1603,8.949999999999916,46.175000000001205,"(274, 240)",37.41782379150391,37.459587
12.8634,56.6721,12.8499999999999,56.6750000000021,"(484, 279)",32.13406753540039,32.22162
18.3036,57.6369,18.34999999999988,57.62500000000218,"(503, 334)",33.72711944580078,33.79337
7.5833,47.5411,7.549999999999921,47.52500000000132,"(301, 226)",30.369483947753903,30.495447
18.1336,59.3642,18.149999999999885,59.37500000000233,"(538, 332)",26.33675003051757,26.373474
14.3153,58.7916,14.349999999999897,58.77500000000228,"(526, 294)",33.43888854980469,33.49075
22.1404,65.5806,22.14999999999987,65.57500000000286,"(662, 372)",28.878116607666016,28.898014
14.4215,61.9973,14.449999999999894,61.97500000000255,"(590, 295)",31.957569122314453,31.979658
14.7861,56.8786,14.749999999999895,56.87500000000212,"(488, 298)",31.91202163696289,31.98752
14.5833,56.0526,14.549999999999896,56.07500000000205,"(472, 296)",33.263916015625,33.390404
13.5193,56.1753,13.5499999999999,56.17500000000206,"(474, 286)",32.816429138183594,32.92609
18.0774,59.3994,18.049999999999883,59.37500000000233,"(538, 331)",27.62833404541016,27.664637
7.1483,46.139,7.149999999999922,46.1250000000012,"(273, 222)",35.28093719482422,35.561
7.4496,46.9491,7.449999999999923,46.92500000000127,"(289, 225)",32.04761505126953,32.30739
8.5701,47.4387,8.549999999999917,47.42500000000131,"(299, 236)",25.73796272277832,25.91986
12.403,57.9525,12.449999999999902,57.97500000000221,"(510, 275)",33.11973571777344,33.18169
6.0742,46.2311,6.049999999999924,46.22500000000121,"(275, 211)",34.56180953979492,34.086575
6.0052,46.1626,6.049999999999924,46.175000000001205,"(274, 211)",32.50495910644531,32.0683
13.942,56.8348,13.949999999999898,56.82500000000211,"(487, 290)",32.134395599365234,32.213715
8.3007,47.0677,8.349999999999918,47.07500000000128,"(292, 234)",28.27793502807617,28.452776
35.3124,36.9992,35.349999999999824,36.97500000000042,"(90, 504)",28.60037040710449,28.60294
35.344,37.0041,35.349999999999824,37.025000000000425,"(91, 504)",30.167743682861328,30.17029
35.6518,40.8368,35.64999999999982,40.82500000000075,"(167, 507)",33.66495895385742,33.667484
15.4339,60.4845,15.449999999999894,60.475000000002424,"(560, 305)",29.123849868774418,29.155357
32.8594,39.9273,32.84999999999983,39.92500000000067,"(149, 479)",22.94198608398437,22.949324
18.7161,63.2914,18.749999999999886,63.27500000000266,"(616, 338)",30.13028907775879,30.153555
8.7318,47.5002,8.749999999999917,47.52500000000132,"(301, 238)",28.942758560180664,29.184881
32.5852,39.972,32.549999999999834,39.975000000000676,"(150, 476)",31.14274024963379,31.152086
35.3491,36.8545,35.349999999999824,36.87500000000041,"(88, 504)",31.11780166625977,31.120365
15.2149,59.2683,15.249999999999892,59.27500000000232,"(536, 303)",30.140087127685547,30.176815
35.838,40.6572,35.849999999999824,40.675000000000736,"(164, 509)",37.10663604736328,37.109554
30.5429,38.7518,30.54999999999984,38.775000000000574,"(126, 456)",33.1351318359375,33.146458
12.9417,57.7203,12.949999999999902,57.72500000000219,"(505, 280)",31.68354034423828,31.746933
27.975,40.3479,27.949999999999847,40.325000000000706,"(157, 430)",34.982662200927734,35.002182
30.0529,39.904,30.04999999999984,39.92500000000067,"(149, 451)",35.43641662597656,35.453297
29.0805,40.1857,29.049999999999848,40.17500000000069,"(154, 441)",30.884307861328125,30.902367
35.2619,37.1864,35.24999999999982,37.17500000000044,"(94, 503)",34.76696014404297,34.769836
9.3944,47.4067,9.349999999999914,47.42500000000131,"(299, 244)",34.875492095947266,35.011852
27.9786,40.4897,27.949999999999847,40.47500000000072,"(160, 430)",36.21065902709961,36.22967
27.0498,40.0292,27.049999999999855,40.02500000000068,"(151, 421)",35.0470085144043,35.069668
35.4575,40.8743,35.449999999999825,40.87500000000075,"(168, 505)",37.0526008605957,37.055664
32.7957,39.9677,32.74999999999983,39.975000000000676,"(150, 478)",26.47890853881836,26.486977
29.9778,40.1411,29.949999999999847,40.12500000000069,"(153, 450)",35.97377395629883,35.990734
29.2054,40.1954,29.249999999999844,40.17500000000069,"(154, 443)",22.220945358276367,22.236591
33.0173,40.2908,33.049999999999834,40.2750000000007,"(156, 481)",38.78189086914063,38.79235
32.8408,39.8964,32.84999999999983,39.87500000000067,"(148, 479)",31.16152000427246,31.170244
34.9673,40.5466,34.949999999999825,40.52500000000072,"(161, 500)",32.747039794921875,32.75003
32.8628,39.9673,32.84999999999983,39.975000000000676,"(150, 479)",27.558252334594727,27.566208
27.818,37.8544,27.849999999999852,37.8750000000005,"(108, 429)",37.28037643432617,37.29322
30.2945,37.723,30.249999999999844,37.725000000000485,"(105, 453)",38.87354278564453,38.884483
29.0381,40.2344,29.049999999999848,40.2250000000007,"(155, 441)",27.79231834411621,27.808622
32.9268,39.9254,32.94999999999983,39.92500000000067,"(149, 480)",33.785255432128906,33.79393
26.7706,40.4031,26.749999999999858,40.425000000000715,"(159, 418)",30.35824203491211,30.384575
26.4058,40.1369,26.449999999999854,40.12500000000069,"(153, 415)",29.058948516845703,29.085402
16.5539,59.6114,16.54999999999989,59.62500000000235,"(543, 316)",29.681867599487305,29.716888
26.585,41.6592,26.549999999999855,41.67500000000082,"(184, 416)",29.59852600097656,29.634123
27.8958,39.6339,27.849999999999852,39.62500000000065,"(143, 429)",32.96482849121094,32.985294
34.9631,40.5542,34.949999999999825,40.57500000000073,"(162, 500)",32.01106643676758,32.014416
30.7028,36.8876,30.749999999999844,36.87500000000041,"(88, 458)",32.23845672607422,32.245968
36.1524,36.2079,36.14999999999982,36.22500000000036,"(75, 512)",36.472312927246094,36.475544
31.6017,40.7331,31.649999999999835,40.72500000000074,"(165, 467)",23.384071350097656,23.395754
28.8715,40.2234,28.849999999999845,40.2250000000007,"(155, 439)",30.584062576293945,30.599415
28.7899,41.0955,28.749999999999844,41.07500000000077,"(172, 438)",31.532621383666992,31.554607
26.6353,40.8512,26.649999999999856,40.87500000000075,"(168, 417)",35.0021858215332,35.033157
28.2555,41.0732,28.24999999999985,41.07500000000077,"(172, 433)",34.84097671508789,34.8655
29.5002,40.0809,29.54999999999984,40.075000000000685,"(152, 446)",31.260744094848636,31.27649
29.0997,41.0244,29.049999999999848,41.025000000000766,"(171, 441)",20.593883514404297,20.609295
28.8387,41.0025,28.849999999999845,41.025000000000766,"(171, 439)",26.36623764038086,26.384666
28.6696,41.0203,28.64999999999985,41.025000000000766,"(171, 437)",30.86758613586425,30.887808
36.2239,36.7141,36.24999999999982,36.7250000000004,"(85, 513)",37.09277725219727,37.095516
29.059,41.0746,29.049999999999848,41.07500000000077,"(172, 441)",21.80887794494629,21.826271
28.9945,41.066,28.949999999999847,41.07500000000077,"(172, 440)",25.9604606628418,25.979832
29.2688,40.9845,29.249999999999844,40.97500000000076,"(170, 443)",31.84759521484375,31.864561
28.9547,41.0147,28.949999999999847,41.025000000000766,"(171, 440)",17.409568786621094,17.424297
29.2075,40.89,29.249999999999844,40.87500000000075,"(168, 443)",26.495567321777344,26.511246
29.0336,40.9919,29.049999999999848,40.97500000000076,"(170, 441)",25.31615257263184,25.332243
33.6169,40.5997,33.64999999999983,40.57500000000073,"(162, 487)",32.88624954223633,32.895752
29.121,40.8579,29.14999999999985,40.87500000000075,"(168, 442)",27.54758644104004,27.563038
30.5011,39.7805,30.54999999999984,39.77500000000066,"(146, 456)",28.030845642089844,28.0439
13.2235,55.6487,13.249999999999899,55.62500000000201,"(463, 283)",30.7880916595459,30.931831
29.5634,41.1705,29.54999999999984,41.17500000000078,"(174, 446)",36.78926467895508,36.80449
28.056,41.8852,28.049999999999848,41.87500000000084,"(188, 431)",38.67902755737305,38.716377
27.3459,41.3984,27.349999999999852,41.375000000000796,"(178, 424)",32.57848358154297,32.609135
35.4696,38.7236,35.449999999999825,38.72500000000057,"(125, 505)",34.46385192871094,34.467827
34.635,36.8061,34.64999999999983,36.82500000000041,"(87, 497)",16.49588966369629,16.497288
16.6389,57.7587,16.649999999999892,57.775000000002194,"(506, 317)",33.62775802612305,33.69654
29.8845,40.7042,29.849999999999845,40.72500000000074,"(165, 449)",23.705659866333008,23.717684
28.872,41.102,28.849999999999845,41.125000000000774,"(173, 439)",32.33291244506836,32.355167
32.508,37.9447,32.549999999999834,37.9250000000005,"(109, 476)",35.02048110961914,35.028618
27.0828,38.3958,27.049999999999855,38.37500000000054,"(118, 421)",32.636863708496094,32.65303
28.8267,40.9989,28.849999999999845,40.97500000000076,"(170, 439)",25.06451797485352,25.08171
26.8329,38.2034,26.849999999999852,38.22500000000053,"(115, 419)",37.44322204589844,37.460735
32.5163,37.8682,32.549999999999834,37.8750000000005,"(108, 476)",33.43740463256836,33.445362
27.1667,38.4622,27.14999999999985,38.47500000000055,"(120, 422)",30.07091903686523,30.08723
35.5156,38.7249,35.54999999999983,38.72500000000057,"(125, 506)",36.235836029052734,36.24
35.3753,38.7403,35.349999999999824,38.72500000000057,"(125, 504)",34.93408203125,34.93798
27.1483,38.3825,27.14999999999985,38.37500000000054,"(118, 422)",22.771596908569336,22.783844
27.7775,41.5635,27.74999999999985,41.57500000000081,"(182, 428)",36.542423248291016,36.576584
29.1622,41.0136,29.14999999999985,41.025000000000766,"(171, 442)",31.43618965148925,31.45418
27.1373,38.3145,27.14999999999985,38.325000000000536,"(117, 422)",26.28424835205078,26.298029
34.1593,39.1484,34.14999999999983,39.125000000000604,"(133, 492)",38.16523361206055,38.170555
29.9859,39.4188,29.949999999999847,39.42500000000063,"(139, 450)",36.49002456665039,36.506012
27.1444,38.4322,27.14999999999985,38.425000000000544,"(119, 422)",15.103352546691896,15.112881
30.0077,40.771,30.04999999999984,40.775000000000745,"(166, 451)",30.53316116333008,30.544899
29.7946,40.726,29.749999999999844,40.72500000000074,"(165, 448)",27.985326766967773,27.999023
11.9216,57.8634,11.949999999999905,57.8750000000022,"(508, 270)",32.41783905029297,32.48152
27.2214,38.4692,27.24999999999985,38.47500000000055,"(120, 423)",25.80157470703125,25.816648
27.0678,38.498,27.049999999999855,38.47500000000055,"(120, 421)",31.49411964416504,31.510397
30.5471,37.777,30.54999999999984,37.77500000000049,"(106, 456)",20.824695587158203,20.832499
29.0497,41.1289,29.049999999999848,41.125000000000774,"(173, 441)",26.15424156188965,26.173954
29.5372,40.7887,29.54999999999984,40.775000000000745,"(166, 446)",25.723575592041016,25.738693
17.9199,59.489,17.94999999999989,59.47500000000234,"(540, 330)",30.34026336669922,30.37887
30.0066,41.1307,30.04999999999984,41.125000000000774,"(173, 451)",35.2596321105957,35.2709
27.6129,39.1814,27.64999999999985,39.17500000000061,"(134, 427)",36.56979751586914,36.589897
29.9381,40.7681,29.949999999999847,40.775000000000745,"(166, 450)",12.64801025390625,12.654588
27.2145,41.7245,27.24999999999985,41.725000000000826,"(185, 423)",34.7580451965332,34.796516
36.5616,40.6718,36.54999999999982,40.675000000000736,"(164, 516)",34.45345687866211,34.455994
35.9074,41.5624,35.94999999999982,41.57500000000081,"(182, 510)",36.331764221191406,36.33502
29.0971,37.7664,29.049999999999848,37.77500000000049,"(106, 441)",31.79076194763184,31.801294
34.777,41.4612,34.74999999999983,41.475000000000804,"(180, 498)",32.1519660949707,32.15877
36.2966,41.3254,36.24999999999982,41.32500000000079,"(177, 513)",35.580623626708984,35.58273
34.9956,42.0738,34.949999999999825,42.075000000000855,"(192, 500)",40.746726989746094,40.75479
27.4048,38.6153,27.449999999999854,38.62500000000056,"(123, 425)",32.584571838378906,32.60038
29.4044,38.664,29.449999999999847,38.675000000000566,"(124, 445)",38.296024322509766,38.309727
36.0828,40.3856,36.04999999999982,40.37500000000071,"(158, 511)",34.218631744384766,34.221188
36.3524,41.2632,36.349999999999824,41.27500000000079,"(176, 514)",31.978302001953125,31.980389
27.5032,40.9773,27.549999999999855,40.97500000000076,"(170, 426)",32.71034622192383,32.73318
28.3572,37.2158,28.349999999999852,37.22500000000044,"(95, 434)",41.27185821533203,41.28537
34.7025,38.616,34.74999999999983,38.62500000000056,"(123, 498)",37.80100631713867,37.80556
36.4551,41.2235,36.44999999999982,41.22500000000078,"(175, 515)",34.75703811645508,34.759163
28.1472,37.3431,28.14999999999985,37.32500000000045,"(97, 432)",36.56079864501953,36.573055
36.5521,40.3187,36.54999999999982,40.325000000000706,"(157, 516)",36.088809967041016,36.091713
30.4099,40.7693,30.44999999999984,40.775000000000745,"(166, 455)",28.64837074279785,28.657152
-3.2061,55.3153,-3.250000000000041,55.325000000001985,"(457, 118)",34.54547882080078,34.536007
36.8985,37.5849,36.84999999999982,37.57500000000047,"(102, 519)",36.14283752441406,36.144722
27.9802,41.3184,27.949999999999847,41.32500000000079,"(177, 430)",34.74315643310547,34.77411
30.3969,40.7907,30.349999999999838,40.775000000000745,"(166, 454)",29.982864379882812,29.992887
33.5182,39.8431,33.54999999999983,39.825000000000664,"(147, 486)",27.678504943847656,27.684744
34.6833,37.9667,34.64999999999983,37.975000000000506,"(110, 497)",35.91363906860352,35.91824
0.5061,52.5599,0.5499999999999456,52.57500000000175,"(402, 156)",31.064207077026367,31.051804
29.26,40.6533,29.249999999999844,40.675000000000736,"(164, 443)",27.84591484069824,27.860714
34.0133,38.368,34.04999999999983,38.37500000000054,"(118, 491)",36.17109298706055,36.176327
35.1549,42.0296,35.14999999999982,42.02500000000085,"(191, 502)",39.830474853515625,39.83799
-3.7165,50.5976,-3.750000000000039,50.57500000000158,"(362, 113)",35.264102935791016,35.276276
-0.8086,54.3349,-0.8500000000000494,54.3250000000019,"(437, 142)",32.84273910522461,32.83294
34.8057,39.8189,34.849999999999824,39.825000000000664,"(147, 499)",40.282562255859375,40.286777
0.1813,50.7937,0.14999999999994706,50.7750000000016,"(366, 152)",34.018028259277344,34.00848
-4.6915,51.7818,-4.650000000000036,51.77500000000168,"(386, 104)",34.7041015625,34.70534
29.5079,40.7006,29.54999999999984,40.72500000000074,"(165, 446)",27.626352310180664,27.641703
33.1325,37.1164,33.149999999999835,37.12500000000043,"(93, 482)",39.83624649047851,39.843494
32.3351,41.6305,32.34999999999984,41.62500000000082,"(183, 474)",29.693086624145508,29.701536
-3.2429,55.7922,-3.250000000000041,55.775000000002024,"(466, 118)",34.44416809082031,34.437183
31.7836,41.4506,31.749999999999837,41.475000000000804,"(180, 468)",35.6584587097168,35.666145
31.1481,40.8456,31.149999999999835,40.82500000000075,"(167, 462)",32.046260833740234,32.057293
-1.275,54.6054,-1.250000000000048,54.625000000001926,"(443, 138)",29.364355087280277,29.357029
1.6148,52.7271,1.64999999999994,52.725000000001764,"(405, 167)",32.9421501159668,32.955402
-1.3958,50.9081,-1.3500000000000476,50.92500000000161,"(369, 137)",29.42741584777832,29.433615
-7.9003,54.4395,-7.950000000000024,54.42500000000191,"(439, 71)",34.232120513916016,34.236736
0.1848,51.466,0.14999999999994706,51.47500000000166,"(380, 152)",27.902956008911133,27.90519
-4.7766,57.7345,-4.7500000000000355,57.72500000000219,"(505, 103)",35.65338134765625,35.651886
-1.3253,51.5711,-1.3500000000000476,51.575000000001666,"(382, 137)",30.816116333007812,30.820484
-2.2379,53.4815,-2.2500000000000444,53.47500000000183,"(420, 128)",24.22353172302246,24.21188
-2.4508,54.6842,-2.4500000000000437,54.67500000000193,"(444, 126)",35.98139190673828,35.965824
-1.3961,53.4106,-1.3500000000000476,53.42500000000182,"(419, 137)",27.615880966186523,27.602411
-3.2058,55.8623,-3.250000000000041,55.87500000000203,"(468, 118)",33.20005416870117,33.19319
-1.6105,54.9782,-1.6500000000000465,54.975000000001955,"(450, 134)",28.7846794128418,28.778652
-0.1259,51.5223,-0.15000000000005187,51.52500000000166,"(381, 149)",21.04692840576172,21.054556
-2.4721,53.4601,-2.4500000000000437,53.47500000000183,"(420, 126)",27.865310668945316,27.84858
-1.752,53.4034,-1.7500000000000462,53.42500000000182,"(419, 133)",33.648921966552734,33.631977
28.7846,40.5294,28.749999999999844,40.52500000000072,"(161, 438)",34.47578048706055,34.491684
0.0708,51.4526,0.04999999999994742,51.47500000000166,"(380, 151)",25.70486068725586,25.707804
-5.9288,54.5996,-5.950000000000031,54.57500000000192,"(442, 91)",31.60727882385254,31.612242
-3.1763,51.4818,-3.150000000000041,51.47500000000166,"(380, 119)",31.60397148132324,31.613583
-3.0342,52.5038,-3.0500000000000416,52.52500000000175,"(401, 120)",33.88493728637695,33.876266
-1.5331,52.2888,-1.550000000000047,52.275000000001725,"(396, 135)",28.882869720458984,28.879936
-1.2209,54.5693,-1.250000000000048,54.57500000000192,"(442, 138)",27.566059112548828,27.559805
-0.2135,51.521,-0.2500000000000515,51.52500000000166,"(381, 148)",23.95001602172852,23.956585
-1.2575,51.7517,-1.250000000000048,51.77500000000168,"(386, 138)",28.843259811401367,28.84638
0.2909,52.2985,0.2499999999999467,52.275000000001725,"(396, 153)",30.191835403442383,30.180332
1.0981,51.274,1.0499999999999456,51.27500000000164,"(376, 161)",31.46659278869629,31.469967
-1.5465,53.8038,-1.550000000000047,53.82500000000186,"(427, 135)",28.88759422302246,28.875969
-0.4609,51.4963,-0.4500000000000508,51.47500000000166,"(380, 146)",17.8123779296875,17.819216
-0.0682,51.5993,-0.050000000000052225,51.575000000001666,"(382, 150)",23.772645950317383,23.77945
-2.3341,53.4848,-2.350000000000044,53.47500000000183,"(420, 127)",26.05088233947754,26.037495
-4.1424,50.3717,-4.150000000000038,50.37500000000156,"(358, 109)",29.645397186279297,29.663166
-7.3291,55.0012,-7.350000000000026,55.02500000000196,"(451, 77)",31.417875289916992,31.422695
-1.1465,52.9547,-1.1500000000000483,52.975000000001785,"(410, 139)",28.295419692993164,28.281733
-1.2971,53.2564,-1.250000000000048,53.27500000000181,"(416, 138)",29.591432571411133,29.57729
-2.7754,54.0136,-2.7500000000000426,54.025000000001874,"(431, 123)",32.64862060546875,32.630974
-4.9642,56.7144,-4.950000000000035,56.725000000002105,"(485, 101)",36.13025665283203,36.12611
-3.1822,55.9456,-3.150000000000041,55.925000000002036,"(469, 119)",31.142860412597656,31.135973
-3.7044,56.0103,-3.750000000000039,56.025000000002045,"(471, 113)",29.97313499450684,29.968805
1.049,51.778,1.0499999999999456,51.77500000000168,"(386, 161)",33.45676803588867,33.453175
-1.5104,53.5629,-1.550000000000047,53.575000000001836,"(422, 135)",30.50798225402832,30.49179
-3.5325,50.7251,-3.55000000000004,50.72500000000159,"(365, 115)",32.56288528442383,32.57554
-4.2415,57.4813,-4.250000000000037,57.47500000000217,"(500, 108)",32.598819732666016,32.598045
-2.0943,57.1574,-2.050000000000045,57.17500000000214,"(494, 130)",29.82041931152344,29.823532
-3.0227,53.3729,-3.0500000000000416,53.37500000000182,"(418, 120)",28.757295608520508,28.74439
36.2413,37.0733,36.24999999999982,37.07500000000043,"(92, 513)",35.637428283691406,35.64068
-2.8443,53.3463,-2.8500000000000423,53.325000000001815,"(417, 122)",29.54962539672852,29.533297
-2.2433,53.369,-2.2500000000000444,53.37500000000182,"(418, 128)",23.68934631347656,23.674877
-0.3396,51.421,-0.35000000000005116,51.42500000000165,"(379, 147)",26.3519229888916,26.354956
0.6349,51.4562,0.6499999999999453,51.47500000000166,"(380, 157)",30.94677352905273,30.953794
-7.4539,54.8214,-7.450000000000026,54.82500000000194,"(447, 76)",33.03437042236328,33.040348
0.1245,52.2024,0.14999999999994706,52.22500000000172,"(395, 152)",28.24501609802246,28.234138
0.6784,51.5442,0.6499999999999453,51.52500000000166,"(381, 157)",30.23743057250977,30.243044
-0.0422,51.5225,-0.050000000000052225,51.52500000000166,"(381, 150)",20.41195678710937,20.418383
-2.6804,53.7656,-2.650000000000043,53.77500000000185,"(426, 124)",30.028053283691406,30.011492
-3.7708,51.5839,-3.750000000000039,51.575000000001666,"(382, 113)",29.34661102294922,29.350796
-1.0686,50.8288,-1.0500000000000487,50.8250000000016,"(367, 140)",30.034099578857425,30.035698
-0.7722,52.5544,-0.7500000000000497,52.57500000000175,"(402, 143)",30.85918426513672,30.845142
-5.1011,56.8227,-5.150000000000034,56.82500000000211,"(487, 99)",33.84946060180664,33.84476
-0.1677,51.1659,-0.15000000000005187,51.17500000000163,"(374, 149)",30.13969039916992,30.143166
-1.0865,53.9675,-1.0500000000000487,53.97500000000187,"(430, 140)",28.052940368652344,28.042446
-0.6368,53.5863,-0.6500000000000501,53.575000000001836,"(422, 144)",23.23055648803711,23.219921
-0.2762,51.5898,-0.2500000000000515,51.575000000001666,"(382, 148)",24.596254348754883,24.604115
-0.183,50.8366,-0.15000000000005187,50.8250000000016,"(367, 149)",32.36225128173828,32.357872
-1.8306,52.5117,-1.8500000000000458,52.52500000000175,"(401, 132)",27.776243209838867,27.773531
0.318,51.4771,0.34999999999994635,51.47500000000166,"(380, 154)",25.485794067382812,25.489305
-1.8267,50.7396,-1.8500000000000458,50.72500000000159,"(365, 132)",33.91397857666016,33.924347
-2.3542,51.3911,-2.350000000000044,51.37500000000165,"(378, 127)",30.660966873168945,30.673973
33.765,41.3674,33.74999999999983,41.375000000000796,"(178, 488)",32.654197692871094,32.666462
0.5827,51.3079,0.5499999999999456,51.325000000001644,"(377, 156)",30.048917770385746,30.04994
-0.0755,51.4247,-0.050000000000052225,51.42500000000165,"(379, 150)",26.585092544555664,26.586166
-1.3586,54.5167,-1.3500000000000476,54.52500000000192,"(441, 137)",29.500965118408203,29.491282
-2.6154,53.3893,-2.650000000000043,53.37500000000182,"(418, 124)",28.413440704345703,28.394833
0.4395,51.5182,0.449999999999946,51.52500000000166,"(381, 155)",23.797340393066406,23.801128
-0.9441,51.4531,-0.950000000000049,51.47500000000166,"(380, 141)",28.54622840881348,28.55045
-0.3412,53.7488,-0.35000000000005116,53.72500000000185,"(425, 147)",28.03258514404297,28.024038
-0.1319,51.4947,-0.15000000000005187,51.47500000000166,"(380, 149)",22.570932388305664,22.57502
-3.007,51.6538,-3.0500000000000416,51.675000000001674,"(384, 120)",32.42955017089844,32.43732
-1.5786,53.7661,-1.550000000000047,53.77500000000185,"(426, 135)",26.6994571685791,26.688114
-3.1693,51.5124,-3.150000000000041,51.52500000000166,"(381, 119)",30.419164657592773,30.428831
-0.2988,51.6173,-0.2500000000000515,51.62500000000167,"(383, 148)",26.38337516784668,26.389359
-3.0072,53.8049,-3.0500000000000416,53.82500000000186,"(427, 120)",34.770042419433594,34.75225
-2.9773,51.6012,-2.950000000000042,51.62500000000167,"(383, 121)",31.62398338317871,31.632193
-3.9213,51.6621,-3.9500000000000384,51.675000000001674,"(384, 111)",32.75074005126953,32.75651
-2.7367,52.2217,-2.7500000000000426,52.22500000000172,"(395, 123)",31.810474395751957,31.805395
-6.0083,54.5438,-6.050000000000031,54.52500000000192,"(441, 90)",31.73143768310547,31.736528
-2.1751,53.0282,-2.1500000000000448,53.02500000000179,"(411, 129)",30.16674041748047,30.15082
-3.874,51.7017,-3.8500000000000387,51.72500000000168,"(385, 112)",34.13295364379883,34.139427
-2.0428,52.5831,-2.050000000000045,52.57500000000175,"(402, 130)",28.748395919799805,28.74414
-6.2509,54.8616,-6.25000000000003,54.87500000000195,"(448, 88)",32.93409729003906,32.939354
32.6228,41.1967,32.649999999999835,41.17500000000078,"(174, 477)",29.55854034423828,29.570404
-1.1273,52.6198,-1.1500000000000483,52.625000000001755,"(403, 139)",26.77510643005371,26.765114
-3.6142,55.07,-3.6500000000000394,55.075000000001964,"(452, 114)",32.47969055175781,32.469124
-1.4395,53.6003,-1.4500000000000473,53.62500000000184,"(423, 136)",29.56160545349121,29.546337
-1.5367,55.2114,-1.550000000000047,55.22500000000198,"(455, 135)",32.6572380065918,32.650715
-2.9453,54.8948,-2.950000000000042,54.87500000000195,"(448, 121)",31.19003295898437,31.17903
-3.9395,51.6458,-3.9500000000000384,51.62500000000167,"(383, 111)",33.04705810546875,33.05093
-6.6546,54.3537,-6.650000000000029,54.375000000001904,"(438, 84)",32.76639938354492,32.771755
-7.3321,54.9923,-7.350000000000026,54.975000000001955,"(450, 77)",33.16966247558594,33.17493
-3.0028,53.0422,-3.0500000000000416,53.02500000000179,"(411, 120)",32.8124885559082,32.80091
-0.5342,53.2214,-0.5500000000000504,53.225000000001806,"(415, 145)",28.45128059387207,28.437317
-2.9625,53.4469,-2.950000000000042,53.42500000000182,"(419, 121)",26.31082344055176,26.29851
-0.1253,51.5841,-0.15000000000005187,51.575000000001666,"(382, 149)",24.8204402923584,24.828175
-1.4069,54.8836,-1.4500000000000473,54.87500000000195,"(448, 136)",30.437068939208984,30.429785
-4.2436,55.8658,-4.250000000000037,55.87500000000203,"(468, 108)",27.48676109313965,27.485235
-2.6381,53.5491,-2.650000000000043,53.52500000000183,"(421, 124)",28.47250747680664,28.455395
-0.5972,53.5958,-0.5500000000000504,53.575000000001836,"(422, 145)",28.69074821472168,28.676712
-2.6787,51.6381,-2.650000000000043,51.62500000000167,"(383, 124)",31.818151473999023,31.828163
0.2716,50.8058,0.2499999999999467,50.8250000000016,"(367, 153)",32.72382354736328,32.714386
-2.0938,53.5793,-2.050000000000045,53.575000000001836,"(422, 130)",30.931379318237305,30.914192
-0.8799,52.2719,-0.8500000000000494,52.275000000001725,"(396, 142)",29.950580596923828,29.944323
0.548,51.3743,0.5499999999999456,51.37500000000165,"(378, 156)",28.00520896911621,28.010315
-2.4527,53.7478,-2.4500000000000437,53.72500000000185,"(425, 126)",31.0830192565918,31.06573
-1.5602,52.4116,-1.550000000000047,52.42500000000174,"(399, 135)",28.537281036376957,28.533268
-1.4781,53.3786,-1.4500000000000473,53.37500000000182,"(418, 136)",28.52935028076172,28.515196
-0.0596,51.4805,-0.050000000000052225,51.47500000000166,"(380, 150)",24.03759002685547,24.040726
-1.83,52.4372,-1.8500000000000458,52.42500000000174,"(399, 132)",29.864784240722656,29.86235
-1.2603,51.7448,-1.250000000000048,51.72500000000168,"(385, 138)",29.90532875061035,29.908552
-2.2938,53.559,-2.2500000000000444,53.575000000001836,"(422, 128)",28.394502639770508,28.379965
-2.0305,52.6056,-2.050000000000045,52.625000000001755,"(403, 130)",29.25386428833008,29.247599
-3.1965,55.6575,-3.150000000000041,55.675000000002015,"(464, 119)",34.819732666015625,34.812096
-1.7598,53.7712,-1.7500000000000462,53.77500000000185,"(426, 133)",28.50952911376953,28.499207
-3.1967,50.7923,-3.150000000000041,50.7750000000016,"(366, 119)",33.53501510620117,33.54414
-1.3159,54.5658,-1.3500000000000476,54.57500000000192,"(442, 137)",28.84199333190918,28.834394
-1.4569,53.2317,-1.4500000000000473,53.225000000001806,"(415, 136)",30.874786376953125,30.859106
-1.4084,54.9184,-1.4500000000000473,54.92500000000195,"(449, 136)",29.57798957824707,29.571804
1.302,52.6142,1.3499999999999428,52.625000000001755,"(403, 164)",30.860559463500977,30.862703
-2.7471,53.3262,-2.7500000000000426,53.325000000001815,"(417, 123)",28.521459579467773,28.502722
-0.3003,52.1324,-0.35000000000005116,52.12500000000171,"(393, 147)",29.63259506225586,29.626556
-1.5954,54.9864,-1.550000000000047,54.975000000001955,"(450, 135)",28.86675453186035,28.861437
-0.4495,50.9169,-0.4500000000000508,50.92500000000161,"(369, 146)",31.4849796295166,31.481344
32.4753,37.8601,32.44999999999983,37.8750000000005,"(108, 475)",28.20915412902832,28.217295
-2.1119,52.9804,-2.1500000000000448,52.975000000001785,"(410, 129)",27.154741287231445,27.140596
-5.3532,36.1333,-5.350000000000033,36.12500000000035,"(73, 97)",25.52994155883789,25.614275
-2.5845,51.4628,-2.5500000000000433,51.47500000000166,"(380, 125)",29.31381225585937,29.327078
-4.5597,55.9432,-4.550000000000036,55.925000000002036,"(469, 105)",32.45455551147461,32.450893
-4.0419,51.0748,-4.050000000000038,51.07500000000162,"(372, 110)",34.641929626464844,34.652378
-1.4382,51.1496,-1.4500000000000473,51.12500000000163,"(373, 136)",31.09945297241211,31.106636
1.122,52.9505,1.1499999999999435,52.975000000001785,"(410, 162)",34.79422378540039,34.79617
-2.6835,51.0562,-2.650000000000043,51.07500000000162,"(372, 124)",31.56029319763184,31.576366
-2.1065,57.1446,-2.1500000000000448,57.12500000000214,"(493, 129)",31.785886764526367,31.788479
-3.1335,51.6806,-3.150000000000041,51.675000000001674,"(384, 119)",33.734249114990234,33.74151
-2.0035,52.5024,-2.050000000000045,52.52500000000175,"(401, 130)",28.62887382507324,28.625063
-0.3057,53.759,-0.35000000000005116,53.77500000000185,"(426, 147)",28.78204917907715,28.77412
-2.7317,53.3654,-2.7500000000000426,53.37500000000182,"(418, 123)",27.976810455322266,27.958513
-4.2277,50.4115,-4.250000000000037,50.42500000000157,"(359, 108)",34.22159194946289,34.240993
-0.4621,51.8923,-0.4500000000000508,51.87500000000169,"(388, 146)",27.671632766723636,27.671114
-0.8147,52.9303,-0.8500000000000494,52.92500000000178,"(409, 142)",30.12380790710449,30.107065
-1.1381,53.5182,-1.1500000000000483,53.52500000000183,"(421, 139)",27.718854904174805,27.706715
1.4635,52.2944,1.4499999999999442,52.275000000001725,"(396, 165)",30.605770111083984,30.607855
-1.1853,60.1392,-1.1500000000000483,60.125000000002395,"(553, 139)",37.80351257324219,37.814575
